X1,X2,X3,X4,X5,X6,X7,X8,X9,y
A,C1,CORAZ,XXXX2,5ZEYTZ,MODA,1.11,XXX,AAA,AAA-MP01;AAA-MP02
A,C1,CORAZ,XXXX2,8ZEYTZ,MODA,1.2,XXX,AAA,AAA-MP01;AAA-MP02
A,C1,CORAZ,XXXX2,8ZEYTZ,MODA,1.77,XXX,AAA,AAA-MP02
A,C1,CORAZ,XXXX2,8ZEYTZ,MODA,1.89,XXX,AAA,AAA-MP02
A,C1,CORAZ,XXXX2,8ZEYTZ,MODA,1.92,XXX,AAA,AAA-MP02
A,C1,CORAZ,XXXX2,8ZEYTZ,MODA,2.04,XXX,AAA,AAA-MP01;AAA-MP02
A,C1,CORAZ,XXXX2,8ZEYTZ,MODA,3.53,XXX,AAA,AAA-MP02
A,C1,CORAZ,XXXX2,8ZEYTZ,MODA,1.776,XXX,AAA,AAA-MP01
A,C1,CORAZ,XXXX2,8ZEYTZ,MODA,1.985,XXX,AAA,AAA-MP01;AAA-MP02
A,C1,CORAZ,XXXX2,8ZEYTZ,MODA,1.985,XXX,CCC,CCC-MP01
A,C1,CORAZ,XXXX2,8ZEYTZ,MODA,2.767,XXX,AAA,AAA-MP01;AAA-MP02
A,C1,CORAZ,XXXX2,8ZEYTZ,MODA,2.782,XXX,AAA,AAA-MP01;AAA-MP02
A,C1,CORAZ,XXXX2,8S2P,MODA,5.53,XXX,AAA,AAA-MP02
A,C1,CORAZ,XXXX2,8S2P,MODA,6.5,XXX,AAA,AAA-MP02
A,C1,CORAZ,XXXX2,10S2P,MODA,6.918,XXX,AAA,AAA-MP02
A,C1,CORAZ,XXXX2,12ZEYTZ,MODA,4.15,XXX,AAA,AAA-MP02
A,C1,CORAZ,XXXX2,12ZEYTZ,MODA,4.9,XXX,AAA,AAA-MP02
A,C1,CORAZ,XXXX2,12S2P,MODA,8.302,XXX,AAA,AAA-MP02
A,C1,CORAZ,XXXX2,14ZEYTZ,MODA,4.8,XXX,AAA,AAA-MP02
A,C1,CORAZ,XXXX2,14ZEYTZ,MODA,4.8,XXX,CCC,CCC-MP01
A,C1,CORAZ,XXXX2,14ZEYTZ,MODA,4.84,XXX,AAA,AAA-MP02
A,C1,CORAZ,XXXX2,14ZEYTZ,MODA,4.84,XXX,CCC,CCC-MP01
A,C1,CORAZ,XXXX2,18ZEYTZ,MODA,7.35,XXX,AAA,AAA-MP02
A,C1,CORAZ,XXXX2,20ZEYTZ,MODA,6.608,XXX,AAA,AAA-MP02
A,C1,CORAZ,XXXX2,20ZEYTZ,MODA,6.608,XXX,CCC,CCC-MP01
A,C1,CORAZ,XXXX2,22ZEYTZ,MODA,5.46,XXX,AAA,AAA-MP02
A,C1,CORAZ,XXXX2,22ZEYTZ,MODA,6.35,XXX,AAA,AAA-MP02
A,C1,CORAZ,XXXX2,22ZEYTZ,MODA,6.35,XXX,CCC,CCC-MP01
A,C1,CORAZ,XXXX2,22ZEYTZ,MODA,6.4,XXX,AAA,AAA-MP02
A,C1,CORAZ,XXXX2,22ZEYTZ,MODA,6.4,XXX,CCC,CCC-MP01
A,C1,CORAZ,XXXX2,22ZEYTZ,MODA,7.6,XXX,AAA,AAA-MP02
A,C1,CORAZ,XXXX2,22ZEYTZ,MODA,7.61,XXX,AAA,AAA-MP01;AAA-MP02;AAA-MP03
A,C1,CORAZ,XXXX2,22ZEYTZ,MODA,7.61,XXX,CCC,CCC-MP01
A,C1,CORAZ,XXXX2,22ZEYTZ,MODA,7.69,XXX,AAA,AAA-MP02
A,C1,CORAZ,XXXX2,22ZEYTZ,MODA,7.69,XXX,CCC,CCC-MP01
A,C1,CORAZ,XXXX2,22ZEYTZ,MODA,8.98,XXX,AAA,AAA-MP02
A,C1,CORAZ,XXXX2,22ZEYTZ,MODA,8.98,XXX,CCC,CCC-MP01
A,C1,CORAZ,XXXX2,22ZEYTZ,MODA,6.349,XXX,AAA,AAA-MP02
A,C1,CORAZ,XXXX2,22ZEYTZ,MODA,6.349,XXX,CCC,CCC-MP01
A,C1,CORAZ,XXXX2,22ZEYTZ,MODA,7.651,XXX,AAA,AAA-MP02
A,C1,CORAZ,XXXX2,24ZEYTZ,MODA,10.54,XXX,AAA,AAA-MP02
A,C1,CORAZ,J3LELA12,16ZEYTZ,TRAY,3.6,XXX,AAA,AAA-TP01
A,C1,CORAZ,J3LELA12,16ZEYTZ,TRAY,3.97,XXX,AAA,AAA-TP01
A,C1,CORAZ,J3LELA12,16ZEYTZ,TRAY,3.97,XXX,CCC,CCC-TP01
A,C1,CORAZ,J3LELA12,16ZEYTZ,TRAY,5.5,XXX,AAA,AAA-TP01
A,C1,CORAZ,J3LELA12,16ZEYTZ,TRAY,3.552,XXX,AAA,AAA-TP01
A,C1,CORAZ,J3LELA12,22S2P,TRAY,15.22,XXX,AAA,AAA-TP01
A,C1,CORAZ,J3LELA12,24S2P,TRAY,16.6,XXX,AAA,AAA-TP01
A,C1,CORAZ,J3LELA12,24S2P,TRAY,19.6,XXX,AAA,AAA-TP01
A,C1,CORAZ,J3LELA12,30ZEYTZ,TRAY,12.3,XXX,AAA,AAA-TP01
A,C1,CORAZ,J3LELA12,14S20P,TRAY,1.77,XXX,AAA,AAA-TP01
A,C1,CORAZ,J3LELA16,SP,JCBA,0,XXX,AAA,AAA-MJ01
A,C1,CORAZ,J3LELA16,SP,JCBA,0,XXX,CCC,CCC-MJ01
A,C1,CORAZ,J3LELA17,SP,TRBS,0,XXX,AAA,AAA-MB01
A,C1,CORAZ,J3LELA18,SP,MOBS,0,XXX,AAA,AAA-MB01
A,C1,CORAZ,J3LELA19,SP,RABS,0,XXX,AAA,AAA-MB01
A,C1,CORAZ,J3LELA20,SP,SYBS,0,XXX,AAA,AAA-MB01
A,C1,CORAZ,J3LELA20,SP,SYBS,0,XXX,CCC,CCC-MB01
M,J2,DKZIE,CODEZ12,SP,CLMM,11,XXX,BBB,BBB-PA02
M,J2,DKZIE,CODEZ12,SP,CLMM,28,XXX,BBB,BBB-PA02
M,J2,DKZIE,CODEZ12,SP,CLMM,37,XXX,BBB,BBB-PA04;BBB-PA05
M,J2,DKZIE,CODEZ12,SP,CLMM,37,XXX,DDDDD,DDDDD-PA01;DDDDD-PA02
M,J2,DKZIE,CODEZ12,SP,CLMM,37,XXX,DFDF,DFDF-PA01;DFDF-PA02;DFDF-PA04
M,J2,DKZIE,CODEZ12,SP,CLMM,40,XXX,BBB,BBB-PA01
M,J2,DKZIE,CODEZ12,SP,CLMM,50,XXX,DFDF,DFDF-PA02
M,J2,DKZIE,CODEZ12,SP,CLMM,63,XXX,BBB,BBB-PA01;BBB-PA03;BBB-PA04
M,J2,DKZIE,CODEZ12,SP,CLMM,68,XXX,BBB,BBB-PA01;BBB-PA03;BBB-PA04
M,J2,DKZIE,CODEZ12,SP,CLMM,78,XXX,BBB,BBB-PA03
M,J2,DKZIE,CODEZ12,SP,CLMM,94,XXX,BBB,BBB-PA01;BBB-PA03;BBB-PA04;BBB-PA05;BBB-PA06
M,J2,DKZIE,CODEZ12,SP,CLMM,94,XXX,DDDDD,DDDDD-PA02
M,J2,DKZIE,CODEZ12,SP,CLMM,94,XXX,DFDF,DFDF-PA01
M,J2,DKZIE,CODEZ12,SP,CLMM,111,XXX,BBB,BBB-PA04
M,J2,DKZIE,CODEZ12,SP,CLMM,111,XXX,DFDF,DFDF-PA01;DFDF-PA03
M,J2,DKZIE,CODEZ12,SP,CLMM,120,XXX,DFDF,DFDF-PA01;DFDF-PA02;DFDF-PA03;DFDF-PA04
M,J2,DKZIE,CODEZ14,SP,CLMA,11,XXX,BBB,BBB-PA02
M,J2,DKZIE,CODEZ14,SP,CLMA,20,XXX,BBB,BBB-PA01;BBB-PA02
M,J2,DKZIE,CODEZ14,SP,CLMA,26,XXX,BBB,BBB-PA01;BBB-PA02;BBB-PA03
M,J2,DKZIE,CODEZ14,SP,CLMA,28,XXX,BBB,BBB-PA02
M,J2,DKZIE,CODEZ14,SP,CLMA,34,XXX,BBB,BBB-PA05;BBB-PA06
M,J2,DKZIE,CODEZ14,SP,CLMA,37,XXX,BBB,BBB-PA04;BBB-PA05;BBB-PA06
M,J2,DKZIE,CODEZ14,SP,CLMA,37,XXX,DDDDD,DDDDD-PA01;DDDDD-PA02;DDDDD-PA03;DDDDD-PA04
M,J2,DKZIE,CODEZ14,SP,CLMA,37,XXX,DFDF,DFDF-PA01;DFDF-PA02;DFDF-PA04
M,J2,DKZIE,CODEZ14,SP,CLMA,40,XXX,BBB,BBB-PA01
M,J2,DKZIE,CODEZ14,SP,CLMA,50,XXX,DFDF,DFDF-PA02
M,J2,DKZIE,CODEZ14,SP,CLMA,60,XXX,BBB,BBB-PA01;BBB-PA03
M,J2,DKZIE,CODEZ14,SP,CLMA,63,XXX,BBB,BBB-PA01;BBB-PA03;BBB-PA04
M,J2,DKZIE,CODEZ14,SP,CLMA,68,XXX,BBB,BBB-PA01;BBB-PA03;BBB-PA04
M,J2,DKZIE,CODEZ14,SP,CLMA,78,XXX,BBB,BBB-PA03
M,J2,DKZIE,CODEZ14,SP,CLMA,94,XXX,BBB,BBB-PA01;BBB-PA03;BBB-PA04;BBB-PA05;BBB-PA06
M,J2,DKZIE,CODEZ14,SP,CLMA,94,XXX,DDDDD,DDDDD-PA02
M,J2,DKZIE,CODEZ14,SP,CLMA,94,XXX,DFDF,DFDF-PA01;DFDF-PA03
M,J2,DKZIE,CODEZ14,SP,CLMA,5.2,XXX,BBB,BBB-PA02
M,J2,DKZIE,CODEZ14,SP,CLMA,5.9,XXX,BBB,BBB-PA02
M,J2,DKZIE,CODEZ14,SP,CLMA,8.5,XXX,BBB,BBB-PA02;BBB-PA03
M,J2,DKZIE,CODEZ14,SP,CLMA,107,XXX,BBB,BBB-PA04
M,J2,DKZIE,CODEZ14,SP,CLMA,111,XXX,BBB,BBB-PA03;BBB-PA04
M,J2,DKZIE,CODEZ14,SP,CLMA,111,XXX,DFDF,DFDF-PA01;DFDF-PA03
M,J2,DKZIE,CODEZ14,SP,CLMA,120,XXX,DFDF,DFDF-PA01;DFDF-PA02;DFDF-PA03;DFDF-PA04
M,J2,DKZIE,CODEZ15,SP,CLEV,11,XXX,BBB,BBB-PA02
M,J2,DKZIE,CODEZ15,SP,CLEV,20,XXX,BBB,BBB-PA01;BBB-PA02
M,J2,DKZIE,CODEZ15,SP,CLEV,26,XXX,BBB,BBB-PA01;BBB-PA02;BBB-PA03
M,J2,DKZIE,CODEZ15,SP,CLEV,28,XXX,BBB,BBB-PA02
M,J2,DKZIE,CODEZ15,SP,CLEV,34,XXX,BBB,BBB-PA05;BBB-PA06
M,J2,DKZIE,CODEZ15,SP,CLEV,37,XXX,BBB,BBB-PA04;BBB-PA05;BBB-PA06
M,J2,DKZIE,CODEZ15,SP,CLEV,37,XXX,DDDDD,DDDDD-PA01;DDDDD-PA02;DDDDD-PA03;DDDDD-PA04
M,J2,DKZIE,CODEZ15,SP,CLEV,37,XXX,DFDF,DFDF-PA01;DFDF-PA02;DFDF-PA04
M,J2,DKZIE,CODEZ15,SP,CLEV,40,XXX,BBB,BBB-PA01
M,J2,DKZIE,CODEZ15,SP,CLEV,50,XXX,DFDF,DFDF-PA02
M,J2,DKZIE,CODEZ15,SP,CLEV,60,XXX,BBB,BBB-PA01;BBB-PA03
M,J2,DKZIE,CODEZ15,SP,CLEV,63,XXX,BBB,BBB-PA01;BBB-PA03;BBB-PA04
M,J2,DKZIE,CODEZ15,SP,CLEV,68,XXX,BBB,BBB-PA01;BBB-PA03;BBB-PA04
M,J2,DKZIE,CODEZ15,SP,CLEV,78,XXX,BBB,BBB-PA03
M,J2,DKZIE,CODEZ15,SP,CLEV,94,XXX,BBB,BBB-PA01;BBB-PA03;BBB-PA04;BBB-PA05;BBB-PA06
M,J2,DKZIE,CODEZ15,SP,CLEV,94,XXX,DDDDD,DDDDD-PA02
M,J2,DKZIE,CODEZ15,SP,CLEV,94,XXX,DFDF,DFDF-PA01;DFDF-PA03
M,J2,DKZIE,CODEZ15,SP,CLEV,5.2,XXX,BBB,BBB-PA02
M,J2,DKZIE,CODEZ15,SP,CLEV,5.9,XXX,BBB,BBB-PA02
M,J2,DKZIE,CODEZ15,SP,CLEV,8.5,XXX,BBB,BBB-PA02;BBB-PA03
M,J2,DKZIE,CODEZ15,SP,CLEV,107,XXX,BBB,BBB-PA04
M,J2,DKZIE,CODEZ15,SP,CLEV,111,XXX,BBB,BBB-PA03;BBB-PA04
M,J2,DKZIE,CODEZ15,SP,CLEV,111,XXX,DFDF,DFDF-PA01;DFDF-PA03
M,J2,DKZIE,CODEZ15,SP,CLEV,120,XXX,DFDF,DFDF-PA01;DFDF-PA02;DFDF-PA03;DFDF-PA04
M,J2,DKZIE,CODEZ16,SP,CLRV,11,XXX,BBB,BBB-PA02
M,J2,DKZIE,CODEZ16,SP,CLRV,20,XXX,BBB,BBB-PA01;BBB-PA02
M,J2,DKZIE,CODEZ16,SP,CLRV,26,XXX,BBB,BBB-PA01;BBB-PA02;BBB-PA03
M,J2,DKZIE,CODEZ16,SP,CLRV,28,XXX,BBB,BBB-PA02
M,J2,DKZIE,CODEZ16,SP,CLRV,34,XXX,BBB,BBB-PA05;BBB-PA06
M,J2,DKZIE,CODEZ16,SP,CLRV,37,XXX,BBB,BBB-PA04;BBB-PA05;BBB-PA06
M,J2,DKZIE,CODEZ16,SP,CLRV,37,XXX,DDDDD,DDDDD-PA01;DDDDD-PA02;DDDDD-PA04
M,J2,DKZIE,CODEZ16,SP,CLRV,37,XXX,DFDF,DFDF-PA01;DFDF-PA02;DFDF-PA04
M,J2,DKZIE,CODEZ16,SP,CLRV,40,XXX,BBB,BBB-PA01
M,J2,DKZIE,CODEZ16,SP,CLRV,50,XXX,DFDF,DFDF-PA02
M,J2,DKZIE,CODEZ16,SP,CLRV,60,XXX,BBB,BBB-PA01;BBB-PA03
M,J2,DKZIE,CODEZ16,SP,CLRV,63,XXX,BBB,BBB-PA01;BBB-PA03;BBB-PA04
M,J2,DKZIE,CODEZ16,SP,CLRV,68,XXX,BBB,BBB-PA01;BBB-PA03;BBB-PA04
M,J2,DKZIE,CODEZ16,SP,CLRV,78,XXX,BBB,BBB-PA03
M,J2,DKZIE,CODEZ16,SP,CLRV,94,XXX,BBB,BBB-PA01;BBB-PA03;BBB-PA04;BBB-PA05;BBB-PA06
M,J2,DKZIE,CODEZ16,SP,CLRV,94,XXX,DDDDD,DDDDD-PA02
M,J2,DKZIE,CODEZ16,SP,CLRV,94,XXX,DFDF,DFDF-PA01;DFDF-PA03
M,J2,DKZIE,CODEZ16,SP,CLRV,5.2,XXX,BBB,BBB-PA02
M,J2,DKZIE,CODEZ16,SP,CLRV,5.9,XXX,BBB,BBB-PA02
M,J2,DKZIE,CODEZ16,SP,CLRV,8.5,XXX,BBB,BBB-PA02;BBB-PA03
M,J2,DKZIE,CODEZ16,SP,CLRV,107,XXX,BBB,BBB-PA04
M,J2,DKZIE,CODEZ16,SP,CLRV,111,XXX,BBB,BBB-PA03;BBB-PA04
M,J2,DKZIE,CODEZ16,SP,CLRV,111,XXX,DFDF,DFDF-PA01;DFDF-PA03
M,J2,DKZIE,CODEZ16,SP,CLRV,120,XXX,DFDF,DFDF-PA01;DFDF-PA02;DFDF-PA03;DFDF-PA04
M,J2,DKZIE,CODEZ17,SP,CLCV,0,XXX,BBB,BBB-CE01
M,J2,DKZIE,CODEZ17,SP,CLCV,11,XXX,BBB,BBB-CE01;BBB-CE02
M,J2,DKZIE,CODEZ17,SP,CLCV,20,XXX,BBB,BBB-CE01;BBB-CE02
M,J2,DKZIE,CODEZ17,SP,CLCV,26,XXX,BBB,BBB-CE01;BBB-CE02
M,J2,DKZIE,CODEZ17,SP,CLCV,28,XXX,BBB,BBB-CE01;BBB-CE02
M,J2,DKZIE,CODEZ17,SP,CLCV,34,XXX,BBB,BBB-CE04
M,J2,DKZIE,CODEZ17,SP,CLCV,37,XXX,BBB,BBB-CE04;BBB-CE05
M,J2,DKZIE,CODEZ17,SP,CLCV,37,XXX,DFDF,DFDF-CE01;DFDF-CE02
M,J2,DKZIE,CODEZ17,SP,CLCV,40,XXX,BBB,BBB-CE01;BBB-CE02
M,J2,DKZIE,CODEZ17,SP,CLCV,50,XXX,DFDF,DFDF-CE01;DFDF-CE02
M,J2,DKZIE,CODEZ17,SP,CLCV,60,XXX,BBB,BBB-CE01;BBB-CE02
M,J2,DKZIE,CODEZ17,SP,CLCV,63,XXX,BBB,BBB-CE01;BBB-CE02;BBB-CE04
M,J2,DKZIE,CODEZ17,SP,CLCV,68,XXX,BBB,BBB-CE01;BBB-CE02;BBB-CE04
M,J2,DKZIE,CODEZ17,SP,CLCV,78,XXX,BBB,BBB-CE01;BBB-CE02
M,J2,DKZIE,CODEZ17,SP,CLCV,94,XXX,BBB,BBB-CE01;BBB-CE02;BBB-CE04
M,J2,DKZIE,CODEZ17,SP,CLCV,94,XXX,DFDF,DFDF-CE01;DFDF-CE02
M,J2,DKZIE,CODEZ17,SP,CLCV,5.2,XXX,BBB,BBB-CE01
M,J2,DKZIE,CODEZ17,SP,CLCV,8.5,XXX,BBB,BBB-CE01;BBB-CE02
M,J2,DKZIE,CODEZ17,SP,CLCV,107,XXX,BBB,BBB-CE04
M,J2,DKZIE,CODEZ17,SP,CLCV,111,XXX,BBB,BBB-CE04
M,J2,DKZIE,CODEZ17,SP,CLCV,120,XXX,DFDF,DFDF-CE01;DFDF-CE02
M,J2,DKZIE,CODEZ18,SP,CLAV,11,XXX,BBB,BBB-AE01;BBB-AE02
M,J2,DKZIE,CODEZ18,SP,CLAV,20,XXX,BBB,BBB-AE01;BBB-AE02
M,J2,DKZIE,CODEZ18,SP,CLAV,26,XXX,BBB,BBB-AE01;BBB-AE02
M,J2,DKZIE,CODEZ18,SP,CLAV,28,XXX,BBB,BBB-AE01;BBB-AE02
M,J2,DKZIE,CODEZ18,SP,CLAV,34,XXX,BBB,BBB-AE04
M,J2,DKZIE,CODEZ18,SP,CLAV,37,XXX,BBB,BBB-AE04
M,J2,DKZIE,CODEZ18,SP,CLAV,37,XXX,DFDF,DFDF-AE01;DFDF-AE02
M,J2,DKZIE,CODEZ18,SP,CLAV,40,XXX,BBB,BBB-AE01;BBB-AE02
M,J2,DKZIE,CODEZ18,SP,CLAV,50,XXX,DFDF,DFDF-AE01;DFDF-AE02
M,J2,DKZIE,CODEZ18,SP,CLAV,60,XXX,BBB,BBB-AE01;BBB-AE02
M,J2,DKZIE,CODEZ18,SP,CLAV,63,XXX,BBB,BBB-AE01;BBB-AE02;BBB-AE04
M,J2,DKZIE,CODEZ18,SP,CLAV,68,XXX,BBB,BBB-AE01;BBB-AE02;BBB-AE04
M,J2,DKZIE,CODEZ18,SP,CLAV,78,XXX,BBB,BBB-AE01;BBB-AE02
M,J2,DKZIE,CODEZ18,SP,CLAV,94,XXX,BBB,BBB-AE01;BBB-AE02;BBB-AE04
M,J2,DKZIE,CODEZ18,SP,CLAV,94,XXX,DFDF,DFDF-AE01;DFDF-AE02
M,J2,DKZIE,CODEZ18,SP,CLAV,5.2,XXX,BBB,BBB-AE01
M,J2,DKZIE,CODEZ18,SP,CLAV,5.9,XXX,BBB,BBB-AE01
M,J2,DKZIE,CODEZ18,SP,CLAV,8.5,XXX,BBB,BBB-AE01;BBB-AE02
M,J2,DKZIE,CODEZ18,SP,CLAV,107,XXX,BBB,BBB-AE04
M,J2,DKZIE,CODEZ18,SP,CLAV,111,XXX,BBB,BBB-AE04
M,J2,DKZIE,CODEZ18,SP,CLAV,120,XXX,DFDF,DFDF-AE01;DFDF-AE02
M,J2,DKZIE,CODEZ20,SP,CLCV,11,XXX,BBB,BBB-CE01
M,J2,DKZIE,CODEZ20,SP,CLCV,20,XXX,BBB,BBB-CE01
M,J2,DKZIE,CODEZ20,SP,CLCV,26,XXX,BBB,BBB-CE01;BBB-CE02
M,J2,DKZIE,CODEZ20,SP,CLCV,28,XXX,BBB,BBB-CE01
M,J2,DKZIE,CODEZ20,SP,CLCV,34,XXX,BBB,BBB-CE04
M,J2,DKZIE,CODEZ20,SP,CLCV,37,XXX,BBB,BBB-CE04
M,J2,DKZIE,CODEZ20,SP,CLCV,37,XXX,DDDDD,DDDDD-CE01
M,J2,DKZIE,CODEZ20,SP,CLCV,37,XXX,DFDF,DFDF-CE01;DFDF-CE02
M,J2,DKZIE,CODEZ20,SP,CLCV,60,XXX,BBB,BBB-CE01;BBB-CE02
M,J2,DKZIE,CODEZ20,SP,CLCV,63,XXX,BBB,BBB-CE01;BBB-CE02
M,J2,DKZIE,CODEZ20,SP,CLCV,68,XXX,BBB,BBB-CE01;BBB-CE02
M,J2,DKZIE,CODEZ20,SP,CLCV,78,XXX,BBB,BBB-CE01;BBB-CE02
M,J2,DKZIE,CODEZ20,SP,CLCV,94,XXX,BBB,BBB-CE01;BBB-CE02;BBB-CE04
M,J2,DKZIE,CODEZ20,SP,CLCV,94,XXX,DDDDD,DDDDD-CE01
M,J2,DKZIE,CODEZ20,SP,CLCV,94,XXX,DFDF,DFDF-CE02
M,J2,DKZIE,CODEZ20,SP,CLCV,8.5,XXX,BBB,BBB-CE01;BBB-CE02
M,J2,DKZIE,CODEZ20,SP,CLCV,111,XXX,BBB,BBB-CE04
M,J2,DKZIE,CODEZ20,SP,CLCV,111,XXX,DFDF,DFDF-CE02
M,J2,DKZIE,CODEZ20,SP,CLCV,120,XXX,DFDF,DFDF-CE01;DFDF-CE02
M,J2,DKZIE,CODEZ21,SP,CLCP,11,XXX,BBB,BBB-CE01
M,J2,DKZIE,CODEZ21,SP,CLCP,20,XXX,BBB,BBB-CE01
M,J2,DKZIE,CODEZ21,SP,CLCP,26,XXX,BBB,BBB-CE01;BBB-CE02
M,J2,DKZIE,CODEZ21,SP,CLCP,28,XXX,BBB,BBB-CE01
M,J2,DKZIE,CODEZ21,SP,CLCP,34,XXX,BBB,BBB-CE04
M,J2,DKZIE,CODEZ21,SP,CLCP,37,XXX,BBB,BBB-CE04
M,J2,DKZIE,CODEZ21,SP,CLCP,60,XXX,BBB,BBB-CE01;BBB-CE02
M,J2,DKZIE,CODEZ21,SP,CLCP,63,XXX,BBB,BBB-CE01;BBB-CE02
M,J2,DKZIE,CODEZ21,SP,CLCP,68,XXX,BBB,BBB-CE01;BBB-CE02
M,J2,DKZIE,CODEZ21,SP,CLCP,78,XXX,BBB,BBB-CE01;BBB-CE02
M,J2,DKZIE,CODEZ21,SP,CLCP,94,XXX,BBB,BBB-CE01;BBB-CE02;BBB-CE04
M,J2,DKZIE,CODEZ21,SP,CLCP,8.5,XXX,BBB,BBB-CE01;BBB-CE02
M,J2,DKZIE,CODEZ21,SP,CLCP,111,XXX,BBB,BBB-CE04
M,J2,DKZIE,CODEZ22,SP,CLCC,11,XXX,BBB,BBB-CE01
M,J2,DKZIE,CODEZ22,SP,CLCC,20,XXX,BBB,BBB-CE01
M,J2,DKZIE,CODEZ22,SP,CLCC,26,XXX,BBB,BBB-CE01;BBB-CE02
M,J2,DKZIE,CODEZ22,SP,CLCC,28,XXX,BBB,BBB-CE01
M,J2,DKZIE,CODEZ22,SP,CLCC,34,XXX,BBB,BBB-CE04
M,J2,DKZIE,CODEZ22,SP,CLCC,37,XXX,BBB,BBB-CE04
M,J2,DKZIE,CODEZ22,SP,CLCC,37,XXX,DDDDD,DDDDD-CE01
M,J2,DKZIE,CODEZ22,SP,CLCC,37,XXX,DFDF,DFDF-CE01;DFDF-CE02
M,J2,DKZIE,CODEZ22,SP,CLCC,60,XXX,BBB,BBB-CE01;BBB-CE02
M,J2,DKZIE,CODEZ22,SP,CLCC,63,XXX,BBB,BBB-CE01;BBB-CE02
M,J2,DKZIE,CODEZ22,SP,CLCC,68,XXX,BBB,BBB-CE01;BBB-CE02
M,J2,DKZIE,CODEZ22,SP,CLCC,78,XXX,BBB,BBB-CE01;BBB-CE02
M,J2,DKZIE,CODEZ22,SP,CLCC,94,XXX,BBB,BBB-CE01;BBB-CE02;BBB-CE04
M,J2,DKZIE,CODEZ22,SP,CLCC,94,XXX,DDDDD,DDDDD-CE01
M,J2,DKZIE,CODEZ22,SP,CLCC,94,XXX,DFDF,DFDF-CE02
M,J2,DKZIE,CODEZ22,SP,CLCC,8.5,XXX,BBB,BBB-CE01;BBB-CE02
M,J2,DKZIE,CODEZ22,SP,CLCC,111,XXX,BBB,BBB-CE01;BBB-CE02;BBB-CE04
M,J2,DKZIE,CODEZ22,SP,CLCC,111,XXX,DFDF,DFDF-CE02
M,J2,DKZIE,CODEZ22,SP,CLCC,120,XXX,DFDF,DFDF-CE01;DFDF-CE02
M,J2,DKZIE,CODEZ25,SP,CLAV,11,XXX,BBB,BBB-AE01
M,J2,DKZIE,CODEZ25,SP,CLAV,20,XXX,BBB,BBB-AE01
M,J2,DKZIE,CODEZ25,SP,CLAV,26,XXX,BBB,BBB-AE01;BBB-AE02
M,J2,DKZIE,CODEZ25,SP,CLAV,28,XXX,BBB,BBB-AE01
M,J2,DKZIE,CODEZ25,SP,CLAV,34,XXX,BBB,BBB-AE04
M,J2,DKZIE,CODEZ25,SP,CLAV,37,XXX,BBB,BBB-AE04
M,J2,DKZIE,CODEZ25,SP,CLAV,37,XXX,DDDDD,DDDDD-AE01
M,J2,DKZIE,CODEZ25,SP,CLAV,37,XXX,DFDF,DFDF-AE01;DFDF-AE02
M,J2,DKZIE,CODEZ25,SP,CLAV,60,XXX,BBB,BBB-AE01;BBB-AE02
M,J2,DKZIE,CODEZ25,SP,CLAV,63,XXX,BBB,BBB-AE01;BBB-AE02
M,J2,DKZIE,CODEZ25,SP,CLAV,68,XXX,BBB,BBB-AE01;BBB-AE02
M,J2,DKZIE,CODEZ25,SP,CLAV,78,XXX,BBB,BBB-AE01;BBB-AE02
M,J2,DKZIE,CODEZ25,SP,CLAV,94,XXX,BBB,BBB-AE01;BBB-AE02;BBB-AE04
M,J2,DKZIE,CODEZ25,SP,CLAV,94,XXX,DDDDD,DDDDD-AE01
M,J2,DKZIE,CODEZ25,SP,CLAV,94,XXX,DFDF,DFDF-AE02
M,J2,DKZIE,CODEZ25,SP,CLAV,8.5,XXX,BBB,BBB-AE01;BBB-AE02
M,J2,DKZIE,CODEZ25,SP,CLAV,111,XXX,BBB,BBB-AE04
M,J2,DKZIE,CODEZ25,SP,CLAV,111,XXX,DFDF,DFDF-AE02
M,J2,DKZIE,CODEZ25,SP,CLAV,120,XXX,DFDF,DFDF-AE01;DFDF-AE02
M,J2,DKZIE,CODEZ26,SP,CLAP,11,XXX,BBB,BBB-AE01
M,J2,DKZIE,CODEZ26,SP,CLAP,20,XXX,BBB,BBB-AE01
M,J2,DKZIE,CODEZ26,SP,CLAP,26,XXX,BBB,BBB-AE01;BBB-AE02
M,J2,DKZIE,CODEZ26,SP,CLAP,28,XXX,BBB,BBB-AE01
M,J2,DKZIE,CODEZ26,SP,CLAP,34,XXX,BBB,BBB-AE04
M,J2,DKZIE,CODEZ26,SP,CLAP,37,XXX,BBB,BBB-AE04
M,J2,DKZIE,CODEZ26,SP,CLAP,37,XXX,DDDDD,DDDDD-AE01
M,J2,DKZIE,CODEZ26,SP,CLAP,37,XXX,DFDF,DFDF-AE01;DFDF-AE02
M,J2,DKZIE,CODEZ26,SP,CLAP,60,XXX,BBB,BBB-AE01;BBB-AE02
M,J2,DKZIE,CODEZ26,SP,CLAP,63,XXX,BBB,BBB-AE01;BBB-AE02
M,J2,DKZIE,CODEZ26,SP,CLAP,68,XXX,BBB,BBB-AE01;BBB-AE02
M,J2,DKZIE,CODEZ26,SP,CLAP,78,XXX,BBB,BBB-AE01;BBB-AE02
M,J2,DKZIE,CODEZ26,SP,CLAP,94,XXX,BBB,BBB-AE01;BBB-AE02;BBB-AE04
M,J2,DKZIE,CODEZ26,SP,CLAP,94,XXX,DDDDD,DDDDD-AE01
M,J2,DKZIE,CODEZ26,SP,CLAP,94,XXX,DFDF,DFDF-AE02
M,J2,DKZIE,CODEZ26,SP,CLAP,8.5,XXX,BBB,BBB-AE01;BBB-AE02
M,J2,DKZIE,CODEZ26,SP,CLAP,111,XXX,BBB,BBB-AE04
M,J2,DKZIE,CODEZ26,SP,CLAP,111,XXX,DFDF,DFDF-AE02
M,J2,DKZIE,CODEZ26,SP,CLAP,120,XXX,DFDF,DFDF-AE01;DFDF-AE02
M,J2,DKZIE,CODEZ27,SP,CLAF,11,XXX,BBB,BBB-AE01
M,J2,DKZIE,CODEZ27,SP,CLAF,20,XXX,BBB,BBB-AE01
M,J2,DKZIE,CODEZ27,SP,CLAF,26,XXX,BBB,BBB-AE01;BBB-AE02
M,J2,DKZIE,CODEZ27,SP,CLAF,28,XXX,BBB,BBB-AE01
M,J2,DKZIE,CODEZ27,SP,CLAF,34,XXX,BBB,BBB-AE04
M,J2,DKZIE,CODEZ27,SP,CLAF,37,XXX,BBB,BBB-AE04
M,J2,DKZIE,CODEZ27,SP,CLAF,37,XXX,DDDDD,DDDDD-AE01
M,J2,DKZIE,CODEZ27,SP,CLAF,37,XXX,DFDF,DFDF-AE01;DFDF-AE02
M,J2,DKZIE,CODEZ27,SP,CLAF,60,XXX,BBB,BBB-AE01;BBB-AE02
M,J2,DKZIE,CODEZ27,SP,CLAF,63,XXX,BBB,BBB-AE01;BBB-AE02
M,J2,DKZIE,CODEZ27,SP,CLAF,68,XXX,BBB,BBB-AE01;BBB-AE02
M,J2,DKZIE,CODEZ27,SP,CLAF,78,XXX,BBB,BBB-AE01;BBB-AE02
M,J2,DKZIE,CODEZ27,SP,CLAF,94,XXX,BBB,BBB-AE01;BBB-AE02;BBB-AE04
M,J2,DKZIE,CODEZ27,SP,CLAF,94,XXX,DDDDD,DDDDD-AE01
M,J2,DKZIE,CODEZ27,SP,CLAF,94,XXX,DFDF,DFDF-AE02
M,J2,DKZIE,CODEZ27,SP,CLAF,8.5,XXX,BBB,BBB-AE01;BBB-AE02
M,J2,DKZIE,CODEZ27,SP,CLAF,111,XXX,BBB,BBB-AE04
M,J2,DKZIE,CODEZ27,SP,CLAF,111,XXX,DFDF,DFDF-AE02
M,J2,DKZIE,CODEZ27,SP,CLAF,120,XXX,DFDF,DFDF-AE01;DFDF-AE02
M,J2,DKZIE,CODEZ28,SP,CLAC,11,XXX,BBB,BBB-AE01
M,J2,DKZIE,CODEZ28,SP,CLAC,20,XXX,BBB,BBB-AE01
M,J2,DKZIE,CODEZ28,SP,CLAC,26,XXX,BBB,BBB-AE01;BBB-AE02
M,J2,DKZIE,CODEZ28,SP,CLAC,28,XXX,BBB,BBB-AE01
M,J2,DKZIE,CODEZ28,SP,CLAC,34,XXX,BBB,BBB-AE04
M,J2,DKZIE,CODEZ28,SP,CLAC,37,XXX,BBB,BBB-AE04
M,J2,DKZIE,CODEZ28,SP,CLAC,37,XXX,DDDDD,DDDDD-AE01
M,J2,DKZIE,CODEZ28,SP,CLAC,37,XXX,DFDF,DFDF-AE01;DFDF-AE02
M,J2,DKZIE,CODEZ28,SP,CLAC,60,XXX,BBB,BBB-AE01;BBB-AE02
M,J2,DKZIE,CODEZ28,SP,CLAC,63,XXX,BBB,BBB-AE01;BBB-AE02
M,J2,DKZIE,CODEZ28,SP,CLAC,68,XXX,BBB,BBB-AE01;BBB-AE02
M,J2,DKZIE,CODEZ28,SP,CLAC,78,XXX,BBB,BBB-AE01;BBB-AE02
M,J2,DKZIE,CODEZ28,SP,CLAC,94,XXX,BBB,BBB-AE01;BBB-AE02;BBB-AE04
M,J2,DKZIE,CODEZ28,SP,CLAC,94,XXX,DDDDD,DDDDD-AE01
M,J2,DKZIE,CODEZ28,SP,CLAC,94,XXX,DFDF,DFDF-AE02
M,J2,DKZIE,CODEZ28,SP,CLAC,8.5,XXX,BBB,BBB-AE01;BBB-AE02
M,J2,DKZIE,CODEZ28,SP,CLAC,111,XXX,BBB,BBB-AE01;BBB-AE02;BBB-AE04
M,J2,DKZIE,CODEZ28,SP,CLAC,111,XXX,DFDF,DFDF-AE02
M,J2,DKZIE,CODEZ28,SP,CLAC,120,XXX,DFDF,DFDF-AE01;DFDF-AE02
M,J2,DKZIE,CODEZ31,SP,CLCM,0,XXX,BBB,BBB-CM01
M,J2,DKZIE,CODEZ31,SP,CLCM,0,XXX,DDDDD,DDDDD-CM01
M,J2,DKZIE,CODEZ31,SP,CLCM,0,XXX,DFDF,DFDF-CM01
M,J2,DKZIE,CODEZ32,SP,CLAM,0,XXX,BBB,BBB-AM01;BBB-AM04
M,J2,DKZIE,CODEZ32,SP,CLAM,0,XXX,DDDDD,DDDDD-AM01
M,J2,DKZIE,CODEZ32,SP,CLAM,0,XXX,DFDF,DFDF-AM01
M,J2,DKZIE,CODEZ33,SP,CLAS,0,XXX,BBB,BBB-AE01;BBB-AE02;BBB-AE04
M,J2,DKZIE,CODEZ33,SP,CLAS,0,XXX,DDDDD,DDDDD-AE01
M,J2,DKZIE,CODEZ33,SP,CLAS,0,XXX,DFDF,DFDF-AE01;DFDF-AE02
M,J2,KA0003,J2MMMC12,SP,MOMA,0.81,XXX,BBB,BBB-MD03
M,J2,KA0003,J2MMMC12,SP,MOMA,0.81,XXX,DDDDD,DDDDD-MD01
M,J2,KA0003,J2MMMC12,SP,MOMA,0.81,XXX,DFDF,DFDF-MD01
M,J2,KA0003,J2MMMC12,SP,MOMA,1.23,XXX,BBB,BBB-MD03
M,J2,KA0003,J2MMMC12,SP,MOMA,1.62,XXX,BBB,BBB-MD03
M,J2,KA0003,J2MMMC12,SP,MOMA,1.62,XXX,DDDDD,DDDDD-MD01
M,J2,KA0003,J2MMMC12,SP,MOMA,1.62,XXX,DFDF,DFDF-MD01
M,J2,KA0003,J2MMMC12,SP,MOMA,1.63,XXX,DFDF,DFDF-MD01
M,J2,KA0003,J2MMMC12,SP,MOMA,1.65,XXX,BBB,BBB-MD03
M,J2,KA0003,J2MMMC12,SP,MOMA,1.76,XXX,BBB,BBB-MD03
M,J2,KA0003,J2MMMC12,SP,MOMA,1.76,XXX,DDDDD,DDDDD-MD01
M,J2,KA0003,J2MMMC12,SP,MOMA,3.46,XXX,DFDF,DFDF-MD01
M,J2,KA0004,J2MAMD11,SP,PKSY,28,XXX,BBB,BBB-PA02
M,J2,KA0004,J2MAMD11,SP,PKSY,37,XXX,BBB,BBB-PA04;BBB-PA05
S,J1,JA0001,J1SCCA12,SP,CLMA,1100,XXX,XDE,XDE-LR08
S,J1,JA0001,J1SCCA12,SP,CLMA,1300,XXX,XDE,XDE-LR05
S,J1,JA0001,J1SCCA12,SP,CLMA,1300,XXX,TTT,TTT-LR01;TTT-LR02;TTT-LR04
S,J1,JA0001,J1SCCA12,SP,CLMA,1500,XXX,XDE,XDE-LR05;XDE-LR08;XDE-LR13
S,J1,JA0001,J1SCCA12,SP,CLMA,1500,XXX,TTT,TTT-LR01;TTT-LR02;TTT-LR04;TTT-LR06
S,J1,JA0001,J1SCCA12,SP,CLMA,1800,XXX,TTT,TTT-LR02
S,J1,JA0001,J1SCCA12,SP,CLMA,1800,XXX,SSSS,SSSS-LR14
S,J1,JA0001,J1SCCA12,SP,CLMA,2000,XXX,XDE,XDE-LR07;XDE-LR08;XDE-LR13
S,J1,JA0001,J1SCCA12,SP,CLMA,2000,XXX,TTT,TTT-LR03
S,J1,JA0001,J1SCCA12,SP,CLMA,2000,XXX,SSSS,SSSS-LR14;SSSS-LR16
S,J1,JA0001,J1SCCA12,SP,CLMA,2200,XXX,XDE,XDE-LR05;XDE-LR06;XDE-LR08
S,J1,JA0001,J1SCCA12,SP,CLMA,2200,XXX,TTT,TTT-LR02;TTT-LR06
S,J1,JA0001,J1SCCA12,SP,CLMA,2200,XXX,SSSS,SSSS-LR14
S,J1,JA0001,J1SCCA12,SP,CLMA,2400,XXX,XDE,XDE-LR13
S,J1,JA0001,J1SCCA12,SP,CLMA,2500,XXX,XDE,XDE-LR08;XDE-LR13
S,J1,JA0001,J1SCCA12,SP,CLMA,2500,XXX,TTT,TTT-LR03;TTT-LR07
S,J1,JA0001,J1SCCA12,SP,CLMA,2500,XXX,SSSS,SSSS-LR14;SSSS-LR16
S,J1,JA0001,J1SCCA12,SP,CLMA,2600,XXX,XDE,XDE-LR05;XDE-LR06;XDE-LR07;XDE-LR08
S,J1,JA0001,J1SCCA12,SP,CLMA,2600,XXX,TTT,TTT-LR02;TTT-LR04;TTT-LR05;TTT-LR06
S,J1,JA0001,J1SCCA12,SP,CLMA,2600,XXX,SSSS,SSSS-LR14
S,J1,JA0001,J1SCCA12,SP,CLMA,2700,XXX,SSSS,SSSS-LR14
S,J1,JA0001,J1SCCA12,SP,CLMA,2800,XXX,XDE,XDE-LR05;XDE-LR06
S,J1,JA0001,J1SCCA12,SP,CLMA,2900,XXX,XDE,XDE-LR05
S,J1,JA0001,J1SCCA12,SP,CLMA,2900,XXX,SSSS,SSSS-LR14
S,J1,JA0001,J1SCCA12,SP,CLMA,3000,XXX,XDE,XDE-LR05;XDE-LR07;XDE-LR08;XDE-LR13;XDE-LR15
S,J1,JA0001,J1SCCA12,SP,CLMA,3000,XXX,TTT,TTT-LR07
S,J1,JA0001,J1SCCA12,SP,CLMA,3200,XXX,XDE,XDE-LR05
S,J1,JA0001,J1SCCA12,SP,CLMA,3300,XXX,XDE,XDE-LR13;XDE-LR15
S,J1,JA0001,J1SCCA12,SP,CLMA,3500,XXX,XDE,XDE-LR08;XDE-LR13;XDE-LR15
S,J1,JA0001,J1SCCA12,SP,CLMA,3500,XXX,SSSS,SSSS-LR14;SSSS-LR16
S,J1,JA0001,J1SCCA12,SP,CLMA,4000,XXX,XDE,XDE-LR13;XDE-LR15
S,J1,JA0001,J1SCCA12,SP,CLMA,4800,XXX,XDE,XDE-LR15;XDE-LR18
S,J1,JA0001,J1SCCA12,SP,CLMA,5000,XXX,XDE,XDE-LR15
S,J1,JA0001,J1SCCA12,SP,CLMA,2850,XXX,XDE,XDE-LR05;XDE-LR08
S,J1,JA0001,J1SCCA12,SP,CLMA,2850,XXX,SSSS,SSSS-LR14
S,J1,JA0001,J1SCCA12,SP,CLMA,3350,XXX,XDE,XDE-LR15
S,J1,JA0001,J1SCCA13,SP,CLEV,1100,XXX,XDE,XDE-LR08
S,J1,JA0001,J1SCCA13,SP,CLEV,1300,XXX,XDE,XDE-LR05;XDE-LR08
S,J1,JA0001,J1SCCA13,SP,CLEV,1300,XXX,TTT,TTT-LR01;TTT-LR02;TTT-LR04;TTT-LR05;TTT-LR06;TTT-LR07;TTT-LR08
S,J1,JA0001,J1SCCA13,SP,CLEV,1500,XXX,XDE,XDE-LR05;XDE-LR06;XDE-LR07;XDE-LR08;XDE-LR13
S,J1,JA0001,J1SCCA13,SP,CLEV,1500,XXX,TTT,TTT-LR01;TTT-LR02;TTT-LR03;TTT-LR04;TTT-LR05;TTT-LR06;TTT-LR07
S,J1,JA0001,J1SCCA13,SP,CLEV,1800,XXX,TTT,TTT-LR02;TTT-LR04;TTT-LR05;TTT-LR06;TTT-LR07
S,J1,JA0001,J1SCCA13,SP,CLEV,1800,XXX,SSSS,SSSS-LR14;SSSS-LR16
S,J1,JA0001,J1SCCA13,SP,CLEV,2000,XXX,XDE,XDE-LR08;XDE-LR13;XDE-LR15
S,J1,JA0001,J1SCCA13,SP,CLEV,2000,XXX,TTT,TTT-LR03;TTT-LR04;TTT-LR05;TTT-LR07;TTT-LR08
S,J1,JA0001,J1SCCA13,SP,CLEV,2000,XXX,SSSS,SSSS-LR14;SSSS-LR16
S,J1,JA0001,J1SCCA13,SP,CLEV,2200,XXX,XDE,XDE-LR05;XDE-LR06;XDE-LR07;XDE-LR08
S,J1,JA0001,J1SCCA13,SP,CLEV,2200,XXX,TTT,TTT-LR02;TTT-LR04;TTT-LR05;TTT-LR06;TTT-LR07
S,J1,JA0001,J1SCCA13,SP,CLEV,2200,XXX,SSSS,SSSS-LR14;SSSS-LR16
S,J1,JA0001,J1SCCA13,SP,CLEV,2400,XXX,XDE,XDE-LR13
S,J1,JA0001,J1SCCA13,SP,CLEV,2500,XXX,XDE,XDE-LR08;XDE-LR13;XDE-LR15
S,J1,JA0001,J1SCCA13,SP,CLEV,2500,XXX,TTT,TTT-LR03;TTT-LR04;TTT-LR05;TTT-LR07;TTT-LR08
S,J1,JA0001,J1SCCA13,SP,CLEV,2500,XXX,SSSS,SSSS-LR14;SSSS-LR16
S,J1,JA0001,J1SCCA13,SP,CLEV,2600,XXX,XDE,XDE-LR06;XDE-LR07;XDE-LR08
S,J1,JA0001,J1SCCA13,SP,CLEV,2600,XXX,TTT,TTT-LR04;TTT-LR05;TTT-LR06;TTT-LR07
S,J1,JA0001,J1SCCA13,SP,CLEV,2600,XXX,SSSS,SSSS-LR14
S,J1,JA0001,J1SCCA13,SP,CLEV,2700,XXX,SSSS,SSSS-LR14;SSSS-LR16
S,J1,JA0001,J1SCCA13,SP,CLEV,2800,XXX,XDE,XDE-LR05;XDE-LR07;XDE-LR08
S,J1,JA0001,J1SCCA13,SP,CLEV,2900,XXX,XDE,XDE-LR05;XDE-LR06;XDE-LR08
S,J1,JA0001,J1SCCA13,SP,CLEV,2900,XXX,TTT,TTT-LR06
S,J1,JA0001,J1SCCA13,SP,CLEV,2900,XXX,SSSS,SSSS-LR14
S,J1,JA0001,J1SCCA13,SP,CLEV,3000,XXX,XDE,XDE-LR05;XDE-LR07;XDE-LR08;XDE-LR13;XDE-LR15;XDE-LR18
S,J1,JA0001,J1SCCA13,SP,CLEV,3000,XXX,TTT,TTT-LR07
S,J1,JA0001,J1SCCA13,SP,CLEV,3200,XXX,XDE,XDE-LR05;XDE-LR08
S,J1,JA0001,J1SCCA13,SP,CLEV,3300,XXX,XDE,XDE-LR13;XDE-LR15;XDE-LR18
S,J1,JA0001,J1SCCA13,SP,CLEV,3500,XXX,XDE,XDE-LR08;XDE-LR13;XDE-LR15
S,J1,JA0001,J1SCCA13,SP,CLEV,3500,XXX,SSSS,SSSS-LR14;SSSS-LR16
S,J1,JA0001,J1SCCA13,SP,CLEV,4000,XXX,XDE,XDE-LR13;XDE-LR15;XDE-LR18
S,J1,JA0001,J1SCCA13,SP,CLEV,4800,XXX,XDE,XDE-LR15;XDE-LR18
S,J1,JA0001,J1SCCA13,SP,CLEV,5000,XXX,XDE,XDE-LR15;XDE-LR18
S,J1,JA0001,J1SCCA13,SP,CLEV,2850,XXX,XDE,XDE-LR05;XDE-LR08
S,J1,JA0001,J1SCCA13,SP,CLEV,2850,XXX,SSSS,SSSS-LR14;SSSS-LR16
S,J1,JA0001,J1SCCA13,SP,CLEV,3350,XXX,XDE,XDE-LR15;XDE-LR18
S,J1,JA0001,J1SCCB12,SP,CLMA,800,XXX,TTT,TTT-LP03
S,J1,JA0001,J1SCCB12,SP,CLMA,1000,XXX,TTT,TTT-LP04
S,J1,JA0001,J1SCCB12,SP,CLMA,1200,XXX,TTT,TTT-LP02;TTT-LP04
S,J1,JA0001,J1SCCB12,SP,CLMA,1300,XXX,TTT,TTT-LP04
S,J1,JA0001,J1SCCB12,SP,CLMA,1500,XXX,TTT,TTT-LP02;TTT-LP03;TTT-LP04
S,J1,JA0001,J1SCCB12,SP,CLMA,1800,XXX,XDE,XDE-LP16
S,J1,JA0001,J1SCCB12,SP,CLMA,1900,XXX,TTT,TTT-LP02
S,J1,JA0001,J1SCCB12,SP,CLMA,2000,XXX,XDE,XDE-LP15;XDE-LP16
S,J1,JA0001,J1SCCB12,SP,CLMA,2000,XXX,TTT,TTT-LP04
S,J1,JA0001,J1SCCB12,SP,CLMA,2100,XXX,XDE,XDE-LP16
S,J1,JA0001,J1SCCB12,SP,CLMA,2200,XXX,XDE,XDE-LP16;XDE-LP99
S,J1,JA0001,J1SCCB12,SP,CLMA,2300,XXX,XDE,XDE-LP16;XDE-LP99
S,J1,JA0001,J1SCCB12,SP,CLMA,2300,XXX,TTT,TTT-LP02
S,J1,JA0001,J1SCCB12,SP,CLMA,2500,XXX,XDE,XDE-LP15;XDE-LP99
S,J1,JA0001,J1SCCB12,SP,CLMA,2600,XXX,XDE,XDE-LP15
S,J1,JA0001,J1SCCB12,SP,CLMA,2600,XXX,TTT,TTT-LP02
S,J1,JA0001,J1SCCB12,SP,CLMA,2700,XXX,XDE,XDE-LP99
S,J1,JA0001,J1SCCB12,SP,CLMA,2800,XXX,XDE,XDE-LP15
S,J1,JA0001,J1SCCB12,SP,CLMA,2900,XXX,XDE,XDE-LP15;XDE-LP16
S,J1,JA0001,J1SCCB12,SP,CLMA,3000,XXX,XDE,XDE-LP15;XDE-LP16
S,J1,JA0001,J1SCCB12,SP,CLMA,3100,XXX,XDE,XDE-LP15;XDE-LP16
S,J1,JA0001,J1SCCB12,SP,CLMA,3200,XXX,XDE,XDE-LP15;XDE-LP99
S,J1,JA0001,J1SCCB12,SP,CLMA,3300,XXX,XDE,XDE-LP15;XDE-LP16
S,J1,JA0001,J1SCCB12,SP,CLMA,3300,XXX,TTT,TTT-LP02
S,J1,JA0001,J1SCCB12,SP,CLMA,3800,XXX,XDE,XDE-LP15
S,J1,JA0001,J1SCCB12,SP,CLMA,3900,XXX,XDE,XDE-LP15
S,J1,JA0001,J1SCCB12,SP,CLMA,4000,XXX,XDE,XDE-LP15
S,J1,JA0001,J1SCCB12,SP,CLMA,960,XXX,TTT,TTT-LP04
S,J1,JA0001,J1SCCB12,SP,CLMA,1030,XXX,TTT,TTT-LP04
S,J1,JA0001,J1SCCB12,SP,CLMA,1050,XXX,TTT,TTT-LP04
S,J1,JA0001,J1SCCB12,SP,CLMA,1130,XXX,TTT,TTT-LP04
S,J1,JA0001,J1SCCB12,SP,CLMA,1220,XXX,TTT,TTT-LP04
S,J1,JA0001,J1SCCB12,SP,CLMA,1270,XXX,TTT,TTT-LP04
S,J1,JA0001,J1SCCB12,SP,CLMA,1650,XXX,XDE,XDE-LP99
S,J1,JA0001,J1SCCB12,SP,CLMA,1860,XXX,XDE,XDE-LP16;XDE-LP99
S,J1,JA0001,J1SCCB12,SP,CLMA,1950,XXX,XDE,XDE-LP16;XDE-LP99
S,J1,JA0001,J1SCCB12,SP,CLMA,2050,XXX,XDE,XDE-LP15;XDE-LP16;XDE-LP99
S,J1,JA0001,J1SCCB12,SP,CLMA,2050,XXX,TTT,TTT-LP02
S,J1,JA0001,J1SCCB12,SP,CLMA,2250,XXX,XDE,XDE-LP99
S,J1,JA0001,J1SCCB12,SP,CLMA,3220,XXX,XDE,XDE-LP15;XDE-LP16
S,J1,JA0001,J1SCCB12,SP,CLMA,3225,XXX,XDE,XDE-LP99
S,J1,JA0001,J1SCCB12,SP,CLMA,3546,XXX,XDE,XDE-LP15
S,J1,JA0001,J1SCCB12,SP,CLMA,3570,XXX,XDE,XDE-LP15
S,J1,JA0001,J1SCCB12,SP,CLMA,4050,XXX,XDE,XDE-LP15
S,J1,JA0001,J1SCCB12,SP,CLMA,4350,XXX,XDE,XDE-LP15
S,J1,JA0001,J1SCCB12,SP,CLMA,4450,XXX,XDE,XDE-LP15;XDE-LP99
S,J1,JA0001,J1SCCB12,SP,CLMA,4450,XXX,TTT,TTT-LP02
S,J1,JA0001,J1SCCB12,SP,CLMA,4452,XXX,XDE,XDE-LP15
S,J1,JA0001,J1SCCB12,SP,CLMA,4712,XXX,XDE,XDE-LP15
S,J1,JA0001,J1SCCB12,SP,CLMA,5170,XXX,XDE,XDE-LP15
S,J1,JA0001,J1SCCB13,SP,CLEV,700,XXX,TTT,TTT-LP04
S,J1,JA0001,J1SCCB13,SP,CLEV,800,XXX,TTT,TTT-LP02;TTT-LP03
S,J1,JA0001,J1SCCB13,SP,CLEV,1000,XXX,TTT,TTT-LP04
S,J1,JA0001,J1SCCB13,SP,CLEV,1200,XXX,TTT,TTT-LP02;TTT-LP04
S,J1,JA0001,J1SCCB13,SP,CLEV,1300,XXX,TTT,TTT-LP04
S,J1,JA0001,J1SCCB13,SP,CLEV,1500,XXX,TTT,TTT-LP02;TTT-LP04
S,J1,JA0001,J1SCCB13,SP,CLEV,1800,XXX,XDE,XDE-LP16
S,J1,JA0001,J1SCCB13,SP,CLEV,1900,XXX,TTT,TTT-LP02;TTT-LP03
S,J1,JA0001,J1SCCB13,SP,CLEV,2000,XXX,XDE,XDE-LP15;XDE-LP16
S,J1,JA0001,J1SCCB13,SP,CLEV,2000,XXX,TTT,TTT-LP02;TTT-LP04
S,J1,JA0001,J1SCCB13,SP,CLEV,2100,XXX,XDE,XDE-LP16;XDE-LP99
S,J1,JA0001,J1SCCB13,SP,CLEV,2200,XXX,XDE,XDE-LP16;XDE-LP99
S,J1,JA0001,J1SCCB13,SP,CLEV,2300,XXX,XDE,XDE-LP16;XDE-LP99
S,J1,JA0001,J1SCCB13,SP,CLEV,2300,XXX,TTT,TTT-LP02
S,J1,JA0001,J1SCCB13,SP,CLEV,2500,XXX,XDE,XDE-LP15;XDE-LP99
S,J1,JA0001,J1SCCB13,SP,CLEV,2600,XXX,XDE,XDE-LP15;XDE-LP16
S,J1,JA0001,J1SCCB13,SP,CLEV,2600,XXX,TTT,TTT-LP02
S,J1,JA0001,J1SCCB13,SP,CLEV,2700,XXX,XDE,XDE-LP99
S,J1,JA0001,J1SCCB13,SP,CLEV,2800,XXX,XDE,XDE-LP15
S,J1,JA0001,J1SCCB13,SP,CLEV,2900,XXX,XDE,XDE-LP15;XDE-LP16;XDE-LP99
S,J1,JA0001,J1SCCB13,SP,CLEV,2900,XXX,TTT,TTT-LP02
S,J1,JA0001,J1SCCB13,SP,CLEV,3000,XXX,XDE,XDE-LP15;XDE-LP16;XDE-LP99
S,J1,JA0001,J1SCCB13,SP,CLEV,3100,XXX,XDE,XDE-LP15;XDE-LP16;XDE-LP99
S,J1,JA0001,J1SCCB13,SP,CLEV,3200,XXX,XDE,XDE-LP15;XDE-LP99
S,J1,JA0001,J1SCCB13,SP,CLEV,3300,XXX,XDE,XDE-LP15;XDE-LP16;XDE-LP99
S,J1,JA0001,J1SCCB13,SP,CLEV,3300,XXX,TTT,TTT-LP02
S,J1,JA0001,J1SCCB13,SP,CLEV,3800,XXX,XDE,XDE-LP15
S,J1,JA0001,J1SCCB13,SP,CLEV,3900,XXX,XDE,XDE-LP15
S,J1,JA0001,J1SCCB13,SP,CLEV,4000,XXX,XDE,XDE-LP15
S,J1,JA0001,J1SCCB13,SP,CLEV,960,XXX,TTT,TTT-LP04
S,J1,JA0001,J1SCCB13,SP,CLEV,1030,XXX,TTT,TTT-LP04
S,J1,JA0001,J1SCCB13,SP,CLEV,1050,XXX,TTT,TTT-LP04
S,J1,JA0001,J1SCCB13,SP,CLEV,1130,XXX,TTT,TTT-LP04
S,J1,JA0001,J1SCCB13,SP,CLEV,1220,XXX,TTT,TTT-LP04
S,J1,JA0001,J1SCCB13,SP,CLEV,1270,XXX,TTT,TTT-LP04
S,J1,JA0001,J1SCCB13,SP,CLEV,1650,XXX,XDE,XDE-LP16;XDE-LP99
S,J1,JA0001,J1SCCB13,SP,CLEV,1860,XXX,XDE,XDE-LP16;XDE-LP99
S,J1,JA0001,J1SCCB13,SP,CLEV,1950,XXX,XDE,XDE-LP16;XDE-LP99
S,J1,JA0001,J1SCCB13,SP,CLEV,2050,XXX,XDE,XDE-LP15;XDE-LP16;XDE-LP99
S,J1,JA0001,J1SCCB13,SP,CLEV,2050,XXX,TTT,TTT-LP02
S,J1,JA0001,J1SCCB13,SP,CLEV,2250,XXX,XDE,XDE-LP99
S,J1,JA0001,J1SCCB13,SP,CLEV,3220,XXX,XDE,XDE-LP15;XDE-LP16;XDE-LP99
S,J1,JA0001,J1SCCB13,SP,CLEV,3225,XXX,XDE,XDE-LP99
S,J1,JA0001,J1SCCB13,SP,CLEV,3546,XXX,XDE,XDE-LP15
S,J1,JA0001,J1SCCB13,SP,CLEV,3570,XXX,XDE,XDE-LP15
S,J1,JA0001,J1SCCB13,SP,CLEV,4050,XXX,XDE,XDE-LP15
S,J1,JA0001,J1SCCB13,SP,CLEV,4350,XXX,XDE,XDE-LP15
S,J1,JA0001,J1SCCB13,SP,CLEV,4450,XXX,XDE,XDE-LP15;XDE-LP99
S,J1,JA0001,J1SCCB13,SP,CLEV,4450,XXX,TTT,TTT-LP02
S,J1,JA0001,J1SCCB13,SP,CLEV,4452,XXX,XDE,XDE-LP15
S,J1,JA0001,J1SCCB13,SP,CLEV,4712,XXX,XDE,XDE-LP15
S,J1,JA0001,J1SCCB13,SP,CLEV,5170,XXX,XDE,XDE-LP15
S,J1,JA0001,J1SCCC12,SP,CLMA,0,XXX,HHHH,HHHH-LS11
S,J1,JA0001,J1SCCC12,SP,CLMA,200,XXX,XDE,XDE-LS05
S,J1,JA0001,J1SCCC12,SP,CLMA,300,XXX,XDE,XDE-LS05
S,J1,JA0001,J1SCCC12,SP,CLMA,300,XXX,HHHH,HHHH-LS01;HHHH-LS03
S,J1,JA0001,J1SCCC12,SP,CLMA,500,XXX,HHHH,HHHH-LS03
S,J1,JA0001,J1SCCC12,SP,CLMA,1900,XXX,TTT,TTT-LS01;TTT-LS03;TTT-LS04
S,J1,JA0001,J1SCCC12,SP,CLMA,2200,XXX,HHHH,HHHH-LS06
S,J1,JA0001,J1SCCC12,SP,CLMA,2300,XXX,XDE,XDE-LS07
S,J1,JA0001,J1SCCC12,SP,CLMA,2300,XXX,TTT,TTT-LS04;TTT-LS05
S,J1,JA0001,J1SCCC12,SP,CLMA,2300,XXX,HHHH,HHHH-LS03
S,J1,JA0001,J1SCCC12,SP,CLMA,2400,XXX,XDE,XDE-LS23;XDE-LSM3
S,J1,JA0001,J1SCCC12,SP,CLMA,2400,XXX,TTT,TTT-LS04;TTT-LS05
S,J1,JA0001,J1SCCC12,SP,CLMA,2400,XXX,HHHH,HHHH-LS05;HHHH-LS06;HHHH-LS08;HHHH-LS11
S,J1,JA0001,J1SCCC12,SP,CLMA,2500,XXX,XDE,XDE-LS07
S,J1,JA0001,J1SCCC12,SP,CLMA,2500,XXX,HHHH,HHHH-LS01;HHHH-LS05;HHHH-LS11
S,J1,JA0001,J1SCCC12,SP,CLMA,2600,XXX,XDE,XDE-LS06
S,J1,JA0001,J1SCCC12,SP,CLMA,2600,XXX,TTT,TTT-LS01;TTT-LS02;TTT-LS03;TTT-LS04;TTT-LS06
S,J1,JA0001,J1SCCC12,SP,CLMA,2600,XXX,HHHH,HHHH-LS05;HHHH-LS06;HHHH-LS08;HHHH-LS09;HHHH-LS10;HHHH-LS11;HHHH-LS14
S,J1,JA0001,J1SCCC12,SP,CLMA,2700,XXX,TTT,TTT-LS03
S,J1,JA0001,J1SCCC12,SP,CLMA,2800,XXX,HHHH,HHHH-LS05;HHHH-LS07;HHHH-LS08
S,J1,JA0001,J1SCCC12,SP,CLMA,2900,XXX,HHHH,HHHH-LS01;HHHH-LS03;HHHH-LS98
S,J1,JA0001,J1SCCC12,SP,CLMA,3000,XXX,XDE,XDE-LS07;XDE-LS11;XDE-LS23;XDE-LS25;XDE-LSM3
S,J1,JA0001,J1SCCC12,SP,CLMA,3000,XXX,TTT,TTT-LS02;TTT-LS03;TTT-LS04;TTT-LS05;TTT-LS06;TTT-LS07
S,J1,JA0001,J1SCCC12,SP,CLMA,3000,XXX,HHHH,HHHH-LS01;HHHH-LS03;HHHH-LS04;HHHH-LS05;HHHH-LS06;HHHH-LS07;HHHH-LS08;HHHH-LS09;HHHH-LS11;HHHH-LS12;HHHH-LS13;HHHH-LS14;HHHH-LS15;HHHH-LS98
S,J1,JA0001,J1SCCC12,SP,CLMA,3100,XXX,HHHH,HHHH-LS01;HHHH-LS03;HHHH-LS05;HHHH-LS06
S,J1,JA0001,J1SCCC12,SP,CLMA,3200,XXX,XDE,XDE-LS07
S,J1,JA0001,J1SCCC12,SP,CLMA,3200,XXX,HHHH,HHHH-LS01;HHHH-LS05;HHHH-LS08;HHHH-LS09;HHHH-LS10;HHHH-LS13;HHHH-LS14;HHHH-LS90;HHHH-LS98
S,J1,JA0001,J1SCCC12,SP,CLMA,3300,XXX,XDE,XDE-LS07
S,J1,JA0001,J1SCCC12,SP,CLMA,3300,XXX,TTT,TTT-LS03
S,J1,JA0001,J1SCCC12,SP,CLMA,3300,XXX,HHHH,HHHH-LS06;HHHH-LS08;HHHH-LS10;HHHH-LS11
S,J1,JA0001,J1SCCC12,SP,CLMA,3400,XXX,TTT,TTT-LS02
S,J1,JA0001,J1SCCC12,SP,CLMA,3400,XXX,HHHH,HHHH-LS05;HHHH-LS08;HHHH-LS09;HHHH-LS90;HHHH-LS98
S,J1,JA0001,J1SCCC12,SP,CLMA,3500,XXX,XDE,XDE-LS07;XDE-LS11;XDE-LS23;XDE-LS25;XDE-LSM1;XDE-LSM2
S,J1,JA0001,J1SCCC12,SP,CLMA,3500,XXX,HHHH,HHHH-LS05;HHHH-LS06;HHHH-LS07;HHHH-LS08;HHHH-LS10;HHHH-LS14;HHHH-LS98
S,J1,JA0001,J1SCCC12,SP,CLMA,3600,XXX,XDE,XDE-LS07
S,J1,JA0001,J1SCCC12,SP,CLMA,3600,XXX,TTT,TTT-LS01;TTT-LS03;TTT-LS04
S,J1,JA0001,J1SCCC12,SP,CLMA,3600,XXX,HHHH,HHHH-LS03;HHHH-LS06;HHHH-LS07;HHHH-LS08;HHHH-LS10;HHHH-LS90;HHHH-LS98
S,J1,JA0001,J1SCCC12,SP,CLMA,3700,XXX,HHHH,HHHH-LS15
S,J1,JA0001,J1SCCC12,SP,CLMA,3900,XXX,HHHH,HHHH-LS08;HHHH-LS98
S,J1,JA0001,J1SCCC12,SP,CLMA,4000,XXX,XDE,XDE-LS07;XDE-LS10;XDE-LS23
S,J1,JA0001,J1SCCC12,SP,CLMA,4000,XXX,TTT,TTT-LS01;TTT-LS03;TTT-LS04;TTT-LS07
S,J1,JA0001,J1SCCC12,SP,CLMA,4000,XXX,HHHH,HHHH-LS05;HHHH-LS09;HHHH-LS90;HHHH-LS98
S,J1,JA0001,J1SCCC12,SP,CLMA,4100,XXX,HHHH,HHHH-LS14
S,J1,JA0001,J1SCCC12,SP,CLMA,4200,XXX,TTT,TTT-LS01;TTT-LS07
S,J1,JA0001,J1SCCC12,SP,CLMA,4300,XXX,HHHH,HHHH-LS90
S,J1,JA0001,J1SCCC12,SP,CLMA,4500,XXX,XDE,XDE-LS07
S,J1,JA0001,J1SCCC12,SP,CLMA,4600,XXX,TTT,TTT-LS01
S,J1,JA0001,J1SCCC12,SP,CLMA,4800,XXX,HHHH,HHHH-LS05;HHHH-LS08
S,J1,JA0001,J1SCCC12,SP,CLMA,4900,XXX,TTT,TTT-LS01;TTT-LS05
S,J1,JA0001,J1SCCC12,SP,CLMA,5000,XXX,XDE,XDE-LS07
S,J1,JA0001,J1SCCC12,SP,CLMA,5000,XXX,TTT,TTT-LS01;TTT-LS04;TTT-LS05;TTT-LS07
S,J1,JA0001,J1SCCC12,SP,CLMA,5200,XXX,TTT,TTT-LS05;TTT-LS07
S,J1,JA0001,J1SCCC12,SP,CLMA,6000,XXX,HHHH,HHHH-LS90;HHHH-LS98
S,J1,JA0001,J1SCCC12,SP,CLMA,133,XXX,HHHH,HHHH-LS03
S,J1,JA0001,J1SCCC12,SP,CLMA,210,XXX,XDE,XDE-LS05
S,J1,JA0001,J1SCCC12,SP,CLMA,250,XXX,XDE,XDE-LS05
S,J1,JA0001,J1SCCC12,SP,CLMA,270,XXX,HHHH,HHHH-LS03
S,J1,JA0001,J1SCCC12,SP,CLMA,340,XXX,HHHH,HHHH-LS03
S,J1,JA0001,J1SCCC12,SP,CLMA,380,XXX,HHHH,HHHH-LS01;HHHH-LS03
S,J1,JA0001,J1SCCC12,SP,CLMA,411,XXX,HHHH,HHHH-LS03
S,J1,JA0001,J1SCCC12,SP,CLMA,450,XXX,XDE,XDE-LS06
S,J1,JA0001,J1SCCC12,SP,CLMA,450,XXX,TTT,TTT-LS01
S,J1,JA0001,J1SCCC12,SP,CLMA,450,XXX,HHHH,HHHH-LS03
S,J1,JA0001,J1SCCC12,SP,CLMA,472,XXX,HHHH,HHHH-LS03
S,J1,JA0001,J1SCCC12,SP,CLMA,1246,XXX,HHHH,HHHH-LS05;HHHH-LS11
S,J1,JA0001,J1SCCC12,SP,CLMA,1288,XXX,HHHH,HHHH-LS11
S,J1,JA0001,J1SCCC12,SP,CLMA,1410,XXX,HHHH,HHHH-LS07;HHHH-LS09;HHHH-LS12
S,J1,JA0001,J1SCCC12,SP,CLMA,1442,XXX,HHHH,HHHH-LS07
S,J1,JA0001,J1SCCC12,SP,CLMA,1467,XXX,HHHH,HHHH-LS07
S,J1,JA0001,J1SCCC12,SP,CLMA,1473,XXX,XDE,XDE-LS06
S,J1,JA0001,J1SCCC12,SP,CLMA,1493,XXX,HHHH,HHHH-LS03;HHHH-LS07
S,J1,JA0001,J1SCCC12,SP,CLMA,1505,XXX,HHHH,HHHH-LS06;HHHH-LS08
S,J1,JA0001,J1SCCC12,SP,CLMA,1723,XXX,HHHH,HHHH-LS10
S,J1,JA0001,J1SCCC12,SP,CLMA,1806,XXX,HHHH,HHHH-LS07
S,J1,JA0001,J1SCCC12,SP,CLMA,1834,XXX,HHHH,HHHH-LS08
S,J1,JA0001,J1SCCC12,SP,CLMA,1835,XXX,HHHH,HHHH-LS06
S,J1,JA0001,J1SCCC12,SP,CLMA,1853,XXX,HHHH,HHHH-LS06;HHHH-LS08;HHHH-LS10
S,J1,JA0001,J1SCCC12,SP,CLMA,1916,XXX,XDE,XDE-LS06
S,J1,JA0001,J1SCCC12,SP,CLMA,1952,XXX,HHHH,HHHH-LS06;HHHH-LS07
S,J1,JA0001,J1SCCC12,SP,CLMA,1970,XXX,HHHH,HHHH-LS01;HHHH-LS06;HHHH-LS09;HHHH-LS11;HHHH-LS12
S,J1,JA0001,J1SCCC12,SP,CLMA,2050,XXX,HHHH,HHHH-LS01
S,J1,JA0001,J1SCCC12,SP,CLMA,2120,XXX,HHHH,HHHH-LS01
S,J1,JA0001,J1SCCC12,SP,CLMA,2220,XXX,HHHH,HHHH-LS01;HHHH-LS05
S,J1,JA0001,J1SCCC12,SP,CLMA,2310,XXX,HHHH,HHHH-LS05;HHHH-LS06
S,J1,JA0001,J1SCCC12,SP,CLMA,2320,XXX,HHHH,HHHH-LS01;HHHH-LS03;HHHH-LS05
S,J1,JA0001,J1SCCC12,SP,CLMA,2350,XXX,XDE,XDE-LS07
S,J1,JA0001,J1SCCC12,SP,CLMA,2350,XXX,HHHH,HHHH-LS08
S,J1,JA0001,J1SCCC12,SP,CLMA,2380,XXX,HHHH,HHHH-LS05;HHHH-LS06
S,J1,JA0001,J1SCCC12,SP,CLMA,2420,XXX,HHHH,HHHH-LS01;HHHH-LS07
S,J1,JA0001,J1SCCC12,SP,CLMA,2435,XXX,HHHH,HHHH-LS05
S,J1,JA0001,J1SCCC12,SP,CLMA,2509,XXX,HHHH,HHHH-LS03;HHHH-LS07
S,J1,JA0001,J1SCCC12,SP,CLMA,2520,XXX,HHHH,HHHH-LS01;HHHH-LS06;HHHH-LS09
S,J1,JA0001,J1SCCC12,SP,CLMA,2550,XXX,XDE,XDE-LS06;XDE-LS07
S,J1,JA0001,J1SCCC12,SP,CLMA,2550,XXX,TTT,TTT-LS04
S,J1,JA0001,J1SCCC12,SP,CLMA,2550,XXX,HHHH,HHHH-LS03;HHHH-LS06;HHHH-LS10
S,J1,JA0001,J1SCCC12,SP,CLMA,2560,XXX,HHHH,HHHH-LS09
S,J1,JA0001,J1SCCC12,SP,CLMA,2580,XXX,HHHH,HHHH-LS03;HHHH-LS05;HHHH-LS06
S,J1,JA0001,J1SCCC12,SP,CLMA,2610,XXX,HHHH,HHHH-LS08;HHHH-LS10;HHHH-LS14;HHHH-LS15
S,J1,JA0001,J1SCCC12,SP,CLMA,2620,XXX,HHHH,HHHH-LS05
S,J1,JA0001,J1SCCC12,SP,CLMA,2665,XXX,HHHH,HHHH-LS01;HHHH-LS05;HHHH-LS06;HHHH-LS08;HHHH-LS10
S,J1,JA0001,J1SCCC12,SP,CLMA,2680,XXX,HHHH,HHHH-LS01;HHHH-LS03;HHHH-LS05;HHHH-LS06;HHHH-LS08;HHHH-LS10
S,J1,JA0001,J1SCCC12,SP,CLMA,2710,XXX,HHHH,HHHH-LS01
S,J1,JA0001,J1SCCC12,SP,CLMA,2711,XXX,HHHH,HHHH-LS08
S,J1,JA0001,J1SCCC12,SP,CLMA,2720,XXX,HHHH,HHHH-LS01;HHHH-LS07;HHHH-LS08;HHHH-LS09
S,J1,JA0001,J1SCCC12,SP,CLMA,2727,XXX,HHHH,HHHH-LS03;HHHH-LS07
S,J1,JA0001,J1SCCC12,SP,CLMA,2744,XXX,HHHH,HHHH-LS06;HHHH-LS08
S,J1,JA0001,J1SCCC12,SP,CLMA,2779,XXX,HHHH,HHHH-LS15
S,J1,JA0001,J1SCCC12,SP,CLMA,2915,XXX,HHHH,HHHH-LS01;HHHH-LS06;HHHH-LS15
S,J1,JA0001,J1SCCC12,SP,CLMA,2930,XXX,HHHH,HHHH-LS05;HHHH-LS06;HHHH-LS08;HHHH-LS09
S,J1,JA0001,J1SCCC12,SP,CLMA,2935,XXX,TTT,TTT-LS05;TTT-LS07
S,J1,JA0001,J1SCCC12,SP,CLMA,2945,XXX,TTT,TTT-LS07
S,J1,JA0001,J1SCCC12,SP,CLMA,2946,XXX,HHHH,HHHH-LS07
S,J1,JA0001,J1SCCC12,SP,CLMA,2950,XXX,TTT,TTT-LS04
S,J1,JA0001,J1SCCC12,SP,CLMA,2950,XXX,HHHH,HHHH-LS08;HHHH-LS10;HHHH-LS14;HHHH-LS90;HHHH-LS98
S,J1,JA0001,J1SCCC12,SP,CLMA,2960,XXX,HHHH,HHHH-LS05
S,J1,JA0001,J1SCCC12,SP,CLMA,2980,XXX,HHHH,HHHH-LS03
S,J1,JA0001,J1SCCC12,SP,CLMA,2995,XXX,HHHH,HHHH-LS07
S,J1,JA0001,J1SCCC12,SP,CLMA,3010,XXX,HHHH,HHHH-LS13
S,J1,JA0001,J1SCCC12,SP,CLMA,3020,XXX,HHHH,HHHH-LS01;HHHH-LS05;HHHH-LS06;HHHH-LS07;HHHH-LS08;HHHH-LS09;HHHH-LS14;HHHH-LS15;HHHH-LS90;HHHH-LS98
S,J1,JA0001,J1SCCC12,SP,CLMA,3030,XXX,HHHH,HHHH-LS01;HHHH-LS03;HHHH-LS05;HHHH-LS06;HHHH-LS07;HHHH-LS09;HHHH-LS10;HHHH-LS13;HHHH-LS90
S,J1,JA0001,J1SCCC12,SP,CLMA,3050,XXX,XDE,XDE-LS07
S,J1,JA0001,J1SCCC12,SP,CLMA,3050,XXX,TTT,TTT-LS01
S,J1,JA0001,J1SCCC12,SP,CLMA,3050,XXX,HHHH,HHHH-LS05;HHHH-LS07;HHHH-LS08;HHHH-LS10;HHHH-LS15
S,J1,JA0001,J1SCCC12,SP,CLMA,3060,XXX,HHHH,HHHH-LS06
S,J1,JA0001,J1SCCC12,SP,CLMA,3084,XXX,HHHH,HHHH-LS14;HHHH-LS98
S,J1,JA0001,J1SCCC12,SP,CLMA,3120,XXX,TTT,TTT-LS01
S,J1,JA0001,J1SCCC12,SP,CLMA,3120,XXX,HHHH,HHHH-LS01;HHHH-LS08;HHHH-LS09;HHHH-LS10
S,J1,JA0001,J1SCCC12,SP,CLMA,3124,XXX,HHHH,HHHH-LS07
S,J1,JA0001,J1SCCC12,SP,CLMA,3140,XXX,HHHH,HHHH-LS01;HHHH-LS05;HHHH-LS06;HHHH-LS08
S,J1,JA0001,J1SCCC12,SP,CLMA,3150,XXX,HHHH,HHHH-LS01
S,J1,JA0001,J1SCCC12,SP,CLMA,3165,XXX,TTT,TTT-LS01
S,J1,JA0001,J1SCCC12,SP,CLMA,3190,XXX,TTT,TTT-LS01
S,J1,JA0001,J1SCCC12,SP,CLMA,3190,XXX,HHHH,HHHH-LS15
S,J1,JA0001,J1SCCC12,SP,CLMA,3220,XXX,HHHH,HHHH-LS13
S,J1,JA0001,J1SCCC12,SP,CLMA,3230,XXX,HHHH,HHHH-LS01;HHHH-LS10;HHHH-LS13
S,J1,JA0001,J1SCCC12,SP,CLMA,3250,XXX,XDE,XDE-LS07
S,J1,JA0001,J1SCCC12,SP,CLMA,3250,XXX,TTT,TTT-LS02;TTT-LS05;TTT-LS06
S,J1,JA0001,J1SCCC12,SP,CLMA,3250,XXX,HHHH,HHHH-LS05;HHHH-LS07;HHHH-LS08;HHHH-LS90;HHHH-LS98
S,J1,JA0001,J1SCCC12,SP,CLMA,3255,XXX,HHHH,HHHH-LS05
S,J1,JA0001,J1SCCC12,SP,CLMA,3270,XXX,HHHH,HHHH-LS01
S,J1,JA0001,J1SCCC12,SP,CLMA,3277,XXX,HHHH,HHHH-LS05;HHHH-LS07
S,J1,JA0001,J1SCCC12,SP,CLMA,3280,XXX,HHHH,HHHH-LS05;HHHH-LS14;HHHH-LS90;HHHH-LS98
S,J1,JA0001,J1SCCC12,SP,CLMA,3290,XXX,HHHH,HHHH-LS05
S,J1,JA0001,J1SCCC12,SP,CLMA,3330,XXX,HHHH,HHHH-LS01;HHHH-LS03
S,J1,JA0001,J1SCCC12,SP,CLMA,3340,XXX,HHHH,HHHH-LS03;HHHH-LS06
S,J1,JA0001,J1SCCC12,SP,CLMA,3350,XXX,HHHH,HHHH-LS05
S,J1,JA0001,J1SCCC12,SP,CLMA,3380,XXX,HHHH,HHHH-LS07
S,J1,JA0001,J1SCCC12,SP,CLMA,3388,XXX,HHHH,HHHH-LS14;HHHH-LS98
S,J1,JA0001,J1SCCC12,SP,CLMA,3425,XXX,TTT,TTT-LS01;TTT-LS04
S,J1,JA0001,J1SCCC12,SP,CLMA,3445,XXX,HHHH,HHHH-LS90
S,J1,JA0001,J1SCCC12,SP,CLMA,3515,XXX,TTT,TTT-LS03
S,J1,JA0001,J1SCCC12,SP,CLMA,3515,XXX,HHHH,HHHH-LS07
S,J1,JA0001,J1SCCC12,SP,CLMA,3525,XXX,HHHH,HHHH-LS05;HHHH-LS07
S,J1,JA0001,J1SCCC12,SP,CLMA,3528,XXX,HHHH,HHHH-LS11
S,J1,JA0001,J1SCCC12,SP,CLMA,3650,XXX,TTT,TTT-LS07
S,J1,JA0001,J1SCCC12,SP,CLMA,3650,XXX,HHHH,HHHH-LS90;HHHH-LS98
S,J1,JA0001,J1SCCC12,SP,CLMA,3692,XXX,HHHH,HHHH-LS14;HHHH-LS98
S,J1,JA0001,J1SCCC12,SP,CLMA,3705,XXX,HHHH,HHHH-LS08
S,J1,JA0001,J1SCCC12,SP,CLMA,3710,XXX,HHHH,HHHH-LS08;HHHH-LS98
S,J1,JA0001,J1SCCC12,SP,CLMA,3728,XXX,HHHH,HHHH-LS07
S,J1,JA0001,J1SCCC12,SP,CLMA,3750,XXX,XDE,XDE-LS07
S,J1,JA0001,J1SCCC12,SP,CLMA,3750,XXX,TTT,TTT-LS03;TTT-LS04;TTT-LS07
S,J1,JA0001,J1SCCC12,SP,CLMA,3750,XXX,HHHH,HHHH-LS03;HHHH-LS05;HHHH-LS07;HHHH-LS11
S,J1,JA0001,J1SCCC12,SP,CLMA,3806,XXX,TTT,TTT-LS04;TTT-LS07
S,J1,JA0001,J1SCCC12,SP,CLMA,3806,XXX,HHHH,HHHH-LS90
S,J1,JA0001,J1SCCC12,SP,CLMA,3825,XXX,HHHH,HHHH-LS05;HHHH-LS06
S,J1,JA0001,J1SCCC12,SP,CLMA,3850,XXX,XDE,XDE-LS07
S,J1,JA0001,J1SCCC12,SP,CLMA,3850,XXX,HHHH,HHHH-LS05
S,J1,JA0001,J1SCCC12,SP,CLMA,3865,XXX,TTT,TTT-LS01
S,J1,JA0001,J1SCCC12,SP,CLMA,3890,XXX,HHHH,HHHH-LS90;HHHH-LS98
S,J1,JA0001,J1SCCC12,SP,CLMA,3905,XXX,TTT,TTT-LS01
S,J1,JA0001,J1SCCC12,SP,CLMA,3910,XXX,HHHH,HHHH-LS08;HHHH-LS13;HHHH-LS98
S,J1,JA0001,J1SCCC12,SP,CLMA,3923,XXX,HHHH,HHHH-LS11
S,J1,JA0001,J1SCCC12,SP,CLMA,3930,XXX,HHHH,HHHH-LS01;HHHH-LS05;HHHH-LS06
S,J1,JA0001,J1SCCC12,SP,CLMA,3938,XXX,TTT,TTT-LS01;TTT-LS04
S,J1,JA0001,J1SCCC12,SP,CLMA,3940,XXX,TTT,TTT-LS01
S,J1,JA0001,J1SCCC12,SP,CLMA,3940,XXX,HHHH,HHHH-LS06;HHHH-LS09
S,J1,JA0001,J1SCCC12,SP,CLMA,3950,XXX,TTT,TTT-LS05;TTT-LS07
S,J1,JA0001,J1SCCC12,SP,CLMA,4030,XXX,HHHH,HHHH-LS07;HHHH-LS08;HHHH-LS09
S,J1,JA0001,J1SCCC12,SP,CLMA,4080,XXX,TTT,TTT-LS02
S,J1,JA0001,J1SCCC12,SP,CLMA,4080,XXX,HHHH,HHHH-LS08;HHHH-LS90;HHHH-LS98
S,J1,JA0001,J1SCCC12,SP,CLMA,4090,XXX,HHHH,HHHH-LS01
S,J1,JA0001,J1SCCC12,SP,CLMA,4098,XXX,HHHH,HHHH-LS15
S,J1,JA0001,J1SCCC12,SP,CLMA,4110,XXX,HHHH,HHHH-LS08;HHHH-LS90
S,J1,JA0001,J1SCCC12,SP,CLMA,4120,XXX,HHHH,HHHH-LS07;HHHH-LS10
S,J1,JA0001,J1SCCC12,SP,CLMA,4130,XXX,TTT,TTT-LS02
S,J1,JA0001,J1SCCC12,SP,CLMA,4130,XXX,HHHH,HHHH-LS01;HHHH-LS08;HHHH-LS13;HHHH-LS90
S,J1,JA0001,J1SCCC12,SP,CLMA,4140,XXX,HHHH,HHHH-LS08
S,J1,JA0001,J1SCCC12,SP,CLMA,4165,XXX,HHHH,HHHH-LS13
S,J1,JA0001,J1SCCC12,SP,CLMA,4180,XXX,HHHH,HHHH-LS01;HHHH-LS07
S,J1,JA0001,J1SCCC12,SP,CLMA,4215,XXX,TTT,TTT-LS04;TTT-LS07
S,J1,JA0001,J1SCCC12,SP,CLMA,4215,XXX,HHHH,HHHH-LS09;HHHH-LS15;HHHH-LS90
S,J1,JA0001,J1SCCC12,SP,CLMA,4280,XXX,HHHH,HHHH-LS05;HHHH-LS06;HHHH-LS08;HHHH-LS14;HHHH-LS15
S,J1,JA0001,J1SCCC12,SP,CLMA,4330,XXX,HHHH,HHHH-LS11
S,J1,JA0001,J1SCCC12,SP,CLMA,4350,XXX,HHHH,HHHH-LS06;HHHH-LS07;HHHH-LS98
S,J1,JA0001,J1SCCC12,SP,CLMA,4439,XXX,HHHH,HHHH-LS11
S,J1,JA0001,J1SCCC12,SP,CLMA,4440,XXX,HHHH,HHHH-LS13
S,J1,JA0001,J1SCCC12,SP,CLMA,4545,XXX,HHHH,HHHH-LS90;HHHH-LS98
S,J1,JA0001,J1SCCC12,SP,CLMA,4625,XXX,TTT,TTT-LS01;TTT-LS02
S,J1,JA0001,J1SCCC12,SP,CLMA,4750,XXX,TTT,TTT-LS05
S,J1,JA0001,J1SCCC12,SP,CLMA,4780,XXX,HHHH,HHHH-LS05
S,J1,JA0001,J1SCCC12,SP,CLMA,4805,XXX,HHHH,HHHH-LS03
S,J1,JA0001,J1SCCC12,SP,CLMA,4812,XXX,HHHH,HHHH-LS07
S,J1,JA0001,J1SCCC12,SP,CLMA,4850,XXX,TTT,TTT-LS07
S,J1,JA0001,J1SCCC12,SP,CLMA,4853,XXX,HHHH,HHHH-LS12;HHHH-LS14
S,J1,JA0001,J1SCCC12,SP,CLMA,5013,XXX,HHHH,HHHH-LS11
S,J1,JA0001,J1SCCC12,SP,CLMA,5060,XXX,HHHH,HHHH-LS11
S,J1,JA0001,J1SCCC12,SP,CLMA,5130,XXX,TTT,TTT-LS07
S,J1,JA0001,J1SCCC12,SP,CLMA,5140,XXX,HHHH,HHHH-LS07
S,J1,JA0001,J1SCCC12,SP,CLMA,5190,XXX,HHHH,HHHH-LS14
S,J1,JA0001,J1SCCC12,SP,CLMA,6150,XXX,HHHH,HHHH-LS98
S,J1,JA0001,J1SCCC13,SP,CLEV,200,XXX,XDE,XDE-LS05
S,J1,JA0001,J1SCCC13,SP,CLEV,300,XXX,XDE,XDE-LS05
S,J1,JA0001,J1SCCC13,SP,CLEV,300,XXX,HHHH,HHHH-LS01;HHHH-LS03
S,J1,JA0001,J1SCCC13,SP,CLEV,500,XXX,HHHH,HHHH-LS03
S,J1,JA0001,J1SCCC13,SP,CLEV,1900,XXX,XDE,XDE-LS06
S,J1,JA0001,J1SCCC13,SP,CLEV,1900,XXX,TTT,TTT-LS01;TTT-LS03;TTT-LS04
S,J1,JA0001,J1SCCC13,SP,CLEV,2100,XXX,XDE,XDE-LS07
S,J1,JA0001,J1SCCC13,SP,CLEV,2100,XXX,HHHH,HHHH-LS13
S,J1,JA0001,J1SCCC13,SP,CLEV,2200,XXX,HHHH,HHHH-LS06
S,J1,JA0001,J1SCCC13,SP,CLEV,2300,XXX,XDE,XDE-LS07
S,J1,JA0001,J1SCCC13,SP,CLEV,2300,XXX,TTT,TTT-LS04;TTT-LS05
S,J1,JA0001,J1SCCC13,SP,CLEV,2300,XXX,HHHH,HHHH-LS05
S,J1,JA0001,J1SCCC13,SP,CLEV,2400,XXX,XDE,XDE-LS23;XDE-LS24;XDE-LS25;XDE-LSM3
S,J1,JA0001,J1SCCC13,SP,CLEV,2400,XXX,TTT,TTT-LS04;TTT-LS05
S,J1,JA0001,J1SCCC13,SP,CLEV,2400,XXX,HHHH,HHHH-LS06;HHHH-LS08;HHHH-LS09;HHHH-LS10;HHHH-LS11;HHHH-LS12;HHHH-LS15
S,J1,JA0001,J1SCCC13,SP,CLEV,2500,XXX,XDE,XDE-LS07
S,J1,JA0001,J1SCCC13,SP,CLEV,2500,XXX,HHHH,HHHH-LS01;HHHH-LS05;HHHH-LS07;HHHH-LS11
S,J1,JA0001,J1SCCC13,SP,CLEV,2600,XXX,XDE,XDE-LS06
S,J1,JA0001,J1SCCC13,SP,CLEV,2600,XXX,TTT,TTT-LS01;TTT-LS02;TTT-LS03;TTT-LS04;TTT-LS06;TTT-LS07
S,J1,JA0001,J1SCCC13,SP,CLEV,2600,XXX,HHHH,HHHH-LS05;HHHH-LS06;HHHH-LS08;HHHH-LS09;HHHH-LS10;HHHH-LS11;HHHH-LS14;HHHH-LS15
S,J1,JA0001,J1SCCC13,SP,CLEV,2700,XXX,TTT,TTT-LS01;TTT-LS03;TTT-LS04
S,J1,JA0001,J1SCCC13,SP,CLEV,2700,XXX,HHHH,HHHH-LS11
S,J1,JA0001,J1SCCC13,SP,CLEV,2800,XXX,TTT,TTT-LS02
S,J1,JA0001,J1SCCC13,SP,CLEV,2800,XXX,HHHH,HHHH-LS05;HHHH-LS06;HHHH-LS07;HHHH-LS08;HHHH-LS09;HHHH-LS10;HHHH-LS14;HHHH-LS90;HHHH-LS98
S,J1,JA0001,J1SCCC13,SP,CLEV,2900,XXX,HHHH,HHHH-LS01;HHHH-LS03;HHHH-LS05;HHHH-LS06;HHHH-LS07;HHHH-LS10;HHHH-LS11;HHHH-LS15;HHHH-LS90;HHHH-LS98
S,J1,JA0001,J1SCCC13,SP,CLEV,3000,XXX,XDE,XDE-LS07;XDE-LS10;XDE-LS11;XDE-LS12;XDE-LS23;XDE-LS24;XDE-LS25;XDE-LSM1;XDE-LSM3
S,J1,JA0001,J1SCCC13,SP,CLEV,3000,XXX,TTT,TTT-LS02;TTT-LS03;TTT-LS04;TTT-LS05;TTT-LS06;TTT-LS07
S,J1,JA0001,J1SCCC13,SP,CLEV,3000,XXX,HHHH,HHHH-LS01;HHHH-LS05;HHHH-LS06;HHHH-LS07;HHHH-LS08;HHHH-LS09;HHHH-LS10;HHHH-LS11;HHHH-LS12;HHHH-LS13;HHHH-LS14;HHHH-LS15;HHHH-LS90;HHHH-LS98
S,J1,JA0001,J1SCCC13,SP,CLEV,3100,XXX,HHHH,HHHH-LS01;HHHH-LS03;HHHH-LS05;HHHH-LS06;HHHH-LS90
S,J1,JA0001,J1SCCC13,SP,CLEV,3200,XXX,XDE,XDE-LS07
S,J1,JA0001,J1SCCC13,SP,CLEV,3200,XXX,HHHH,HHHH-LS01;HHHH-LS05;HHHH-LS06;HHHH-LS08;HHHH-LS09;HHHH-LS10;HHHH-LS13;HHHH-LS14;HHHH-LS90;HHHH-LS98
S,J1,JA0001,J1SCCC13,SP,CLEV,3300,XXX,XDE,XDE-LS07
S,J1,JA0001,J1SCCC13,SP,CLEV,3300,XXX,TTT,TTT-LS03
S,J1,JA0001,J1SCCC13,SP,CLEV,3300,XXX,HHHH,HHHH-LS06;HHHH-LS08;HHHH-LS10;HHHH-LS11;HHHH-LS12;HHHH-LS14;HHHH-LS15;HHHH-LS98
S,J1,JA0001,J1SCCC13,SP,CLEV,3400,XXX,TTT,TTT-LS02;TTT-LS04
S,J1,JA0001,J1SCCC13,SP,CLEV,3400,XXX,HHHH,HHHH-LS05;HHHH-LS09;HHHH-LS11;HHHH-LS90;HHHH-LS98
S,J1,JA0001,J1SCCC13,SP,CLEV,3500,XXX,XDE,XDE-LS07;XDE-LS10;XDE-LS11;XDE-LS12;XDE-LS23;XDE-LS24;XDE-LS25;XDE-LSM1;XDE-LSM2;XDE-LSM3
S,J1,JA0001,J1SCCC13,SP,CLEV,3500,XXX,HHHH,HHHH-LS05;HHHH-LS06;HHHH-LS07;HHHH-LS08;HHHH-LS09;HHHH-LS10;HHHH-LS11;HHHH-LS12;HHHH-LS14;HHHH-LS15;HHHH-LS90;HHHH-LS98
S,J1,JA0001,J1SCCC13,SP,CLEV,3600,XXX,XDE,XDE-LS07
S,J1,JA0001,J1SCCC13,SP,CLEV,3600,XXX,TTT,TTT-LS01;TTT-LS02;TTT-LS03;TTT-LS04;TTT-LS05
S,J1,JA0001,J1SCCC13,SP,CLEV,3600,XXX,HHHH,HHHH-LS06;HHHH-LS07;HHHH-LS08;HHHH-LS10;HHHH-LS11;HHHH-LS15;HHHH-LS90;HHHH-LS98
S,J1,JA0001,J1SCCC13,SP,CLEV,3700,XXX,HHHH,HHHH-LS15;HHHH-LS90
S,J1,JA0001,J1SCCC13,SP,CLEV,3900,XXX,HHHH,HHHH-LS08;HHHH-LS98
S,J1,JA0001,J1SCCC13,SP,CLEV,4000,XXX,XDE,XDE-LS07;XDE-LS10;XDE-LS23;XDE-LS24;XDE-LS25
S,J1,JA0001,J1SCCC13,SP,CLEV,4000,XXX,TTT,TTT-LS01;TTT-LS03;TTT-LS04;TTT-LS07
S,J1,JA0001,J1SCCC13,SP,CLEV,4000,XXX,HHHH,HHHH-LS05;HHHH-LS09;HHHH-LS11;HHHH-LS90;HHHH-LS98
S,J1,JA0001,J1SCCC13,SP,CLEV,4100,XXX,HHHH,HHHH-LS14
S,J1,JA0001,J1SCCC13,SP,CLEV,4200,XXX,TTT,TTT-LS01;TTT-LS05;TTT-LS07
S,J1,JA0001,J1SCCC13,SP,CLEV,4300,XXX,HHHH,HHHH-LS10;HHHH-LS90;HHHH-LS98
S,J1,JA0001,J1SCCC13,SP,CLEV,4500,XXX,XDE,XDE-LS07
S,J1,JA0001,J1SCCC13,SP,CLEV,4600,XXX,TTT,TTT-LS01
S,J1,JA0001,J1SCCC13,SP,CLEV,4800,XXX,HHHH,HHHH-LS06;HHHH-LS08;HHHH-LS98
S,J1,JA0001,J1SCCC13,SP,CLEV,4900,XXX,TTT,TTT-LS01;TTT-LS05
S,J1,JA0001,J1SCCC13,SP,CLEV,5000,XXX,XDE,XDE-LS07
S,J1,JA0001,J1SCCC13,SP,CLEV,5000,XXX,TTT,TTT-LS01;TTT-LS04;TTT-LS05;TTT-LS07
S,J1,JA0001,J1SCCC13,SP,CLEV,5000,XXX,HHHH,HHHH-LS05;HHHH-LS06
S,J1,JA0001,J1SCCC13,SP,CLEV,5200,XXX,TTT,TTT-LS05;TTT-LS07
S,J1,JA0001,J1SCCC13,SP,CLEV,6000,XXX,HHHH,HHHH-LS90;HHHH-LS98
S,J1,JA0001,J1SCCC13,SP,CLEV,133,XXX,HHHH,HHHH-LS03
S,J1,JA0001,J1SCCC13,SP,CLEV,210,XXX,XDE,XDE-LS05
S,J1,JA0001,J1SCCC13,SP,CLEV,250,XXX,XDE,XDE-LS05
S,J1,JA0001,J1SCCC13,SP,CLEV,270,XXX,HHHH,HHHH-LS03
S,J1,JA0001,J1SCCC13,SP,CLEV,340,XXX,HHHH,HHHH-LS03
S,J1,JA0001,J1SCCC13,SP,CLEV,380,XXX,HHHH,HHHH-LS01;HHHH-LS03
S,J1,JA0001,J1SCCC13,SP,CLEV,411,XXX,HHHH,HHHH-LS03
S,J1,JA0001,J1SCCC13,SP,CLEV,450,XXX,XDE,XDE-LS06
S,J1,JA0001,J1SCCC13,SP,CLEV,450,XXX,TTT,TTT-LS01
S,J1,JA0001,J1SCCC13,SP,CLEV,450,XXX,HHHH,HHHH-LS03
S,J1,JA0001,J1SCCC13,SP,CLEV,472,XXX,HHHH,HHHH-LS03
S,J1,JA0001,J1SCCC13,SP,CLEV,1246,XXX,HHHH,HHHH-LS05;HHHH-LS06;HHHH-LS11;HHHH-LS12
S,J1,JA0001,J1SCCC13,SP,CLEV,1288,XXX,HHHH,HHHH-LS11;HHHH-LS12
S,J1,JA0001,J1SCCC13,SP,CLEV,1410,XXX,HHHH,HHHH-LS07;HHHH-LS09;HHHH-LS12
S,J1,JA0001,J1SCCC13,SP,CLEV,1442,XXX,HHHH,HHHH-LS07;HHHH-LS09;HHHH-LS11
S,J1,JA0001,J1SCCC13,SP,CLEV,1467,XXX,HHHH,HHHH-LS07;HHHH-LS15
S,J1,JA0001,J1SCCC13,SP,CLEV,1473,XXX,XDE,XDE-LS06;XDE-LS07
S,J1,JA0001,J1SCCC13,SP,CLEV,1493,XXX,HHHH,HHHH-LS03;HHHH-LS08;HHHH-LS10
S,J1,JA0001,J1SCCC13,SP,CLEV,1505,XXX,HHHH,HHHH-LS06;HHHH-LS08;HHHH-LS09;HHHH-LS10;HHHH-LS11;HHHH-LS12
S,J1,JA0001,J1SCCC13,SP,CLEV,1723,XXX,HHHH,HHHH-LS10;HHHH-LS11;HHHH-LS15
S,J1,JA0001,J1SCCC13,SP,CLEV,1806,XXX,HHHH,HHHH-LS07;HHHH-LS09;HHHH-LS10;HHHH-LS12;HHHH-LS15
S,J1,JA0001,J1SCCC13,SP,CLEV,1834,XXX,HHHH,HHHH-LS08;HHHH-LS09;HHHH-LS10
S,J1,JA0001,J1SCCC13,SP,CLEV,1835,XXX,HHHH,HHHH-LS06;HHHH-LS08;HHHH-LS10;HHHH-LS11
S,J1,JA0001,J1SCCC13,SP,CLEV,1853,XXX,HHHH,HHHH-LS10
S,J1,JA0001,J1SCCC13,SP,CLEV,1860,XXX,XDE,XDE-LS07
S,J1,JA0001,J1SCCC13,SP,CLEV,1916,XXX,XDE,XDE-LS06;XDE-LS07
S,J1,JA0001,J1SCCC13,SP,CLEV,1952,XXX,HHHH,HHHH-LS06;HHHH-LS07
S,J1,JA0001,J1SCCC13,SP,CLEV,1970,XXX,HHHH,HHHH-LS01;HHHH-LS06;HHHH-LS09;HHHH-LS10;HHHH-LS11;HHHH-LS12
S,J1,JA0001,J1SCCC13,SP,CLEV,2050,XXX,HHHH,HHHH-LS01;HHHH-LS13
S,J1,JA0001,J1SCCC13,SP,CLEV,2120,XXX,HHHH,HHHH-LS01;HHHH-LS07
S,J1,JA0001,J1SCCC13,SP,CLEV,2220,XXX,HHHH,HHHH-LS01;HHHH-LS05;HHHH-LS06;HHHH-LS07;HHHH-LS08;HHHH-LS09;HHHH-LS10;HHHH-LS90
S,J1,JA0001,J1SCCC13,SP,CLEV,2310,XXX,HHHH,HHHH-LS06
S,J1,JA0001,J1SCCC13,SP,CLEV,2320,XXX,HHHH,HHHH-LS01;HHHH-LS03;HHHH-LS05;HHHH-LS06
S,J1,JA0001,J1SCCC13,SP,CLEV,2350,XXX,XDE,XDE-LS07;XDE-LS23;XDE-LSM1
S,J1,JA0001,J1SCCC13,SP,CLEV,2350,XXX,HHHH,HHHH-LS08;HHHH-LS11
S,J1,JA0001,J1SCCC13,SP,CLEV,2380,XXX,HHHH,HHHH-LS05;HHHH-LS06
S,J1,JA0001,J1SCCC13,SP,CLEV,2420,XXX,HHHH,HHHH-LS01;HHHH-LS03;HHHH-LS06;HHHH-LS07;HHHH-LS08;HHHH-LS09;HHHH-LS10
S,J1,JA0001,J1SCCC13,SP,CLEV,2435,XXX,HHHH,HHHH-LS05
S,J1,JA0001,J1SCCC13,SP,CLEV,2509,XXX,HHHH,HHHH-LS03;HHHH-LS07;HHHH-LS10
S,J1,JA0001,J1SCCC13,SP,CLEV,2520,XXX,HHHH,HHHH-LS01;HHHH-LS09;HHHH-LS90
S,J1,JA0001,J1SCCC13,SP,CLEV,2550,XXX,XDE,XDE-LS06
S,J1,JA0001,J1SCCC13,SP,CLEV,2550,XXX,TTT,TTT-LS04
S,J1,JA0001,J1SCCC13,SP,CLEV,2550,XXX,HHHH,HHHH-LS03;HHHH-LS06;HHHH-LS10;HHHH-LS12
S,J1,JA0001,J1SCCC13,SP,CLEV,2560,XXX,HHHH,HHHH-LS05;HHHH-LS06;HHHH-LS07;HHHH-LS09;HHHH-LS13;HHHH-LS14
S,J1,JA0001,J1SCCC13,SP,CLEV,2565,XXX,HHHH,HHHH-LS05;HHHH-LS06
S,J1,JA0001,J1SCCC13,SP,CLEV,2580,XXX,HHHH,HHHH-LS03;HHHH-LS05;HHHH-LS06;HHHH-LS08
S,J1,JA0001,J1SCCC13,SP,CLEV,2610,XXX,HHHH,HHHH-LS08;HHHH-LS10;HHHH-LS14;HHHH-LS15
S,J1,JA0001,J1SCCC13,SP,CLEV,2620,XXX,HHHH,HHHH-LS06
S,J1,JA0001,J1SCCC13,SP,CLEV,2665,XXX,HHHH,HHHH-LS01;HHHH-LS05;HHHH-LS06;HHHH-LS08;HHHH-LS10;HHHH-LS98
S,J1,JA0001,J1SCCC13,SP,CLEV,2680,XXX,HHHH,HHHH-LS01;HHHH-LS05;HHHH-LS06;HHHH-LS08;HHHH-LS10;HHHH-LS14;HHHH-LS90;HHHH-LS98
S,J1,JA0001,J1SCCC13,SP,CLEV,2710,XXX,HHHH,HHHH-LS01
S,J1,JA0001,J1SCCC13,SP,CLEV,2711,XXX,HHHH,HHHH-LS08
S,J1,JA0001,J1SCCC13,SP,CLEV,2720,XXX,HHHH,HHHH-LS01;HHHH-LS08;HHHH-LS09
S,J1,JA0001,J1SCCC13,SP,CLEV,2727,XXX,HHHH,HHHH-LS03;HHHH-LS07;HHHH-LS09;HHHH-LS11;HHHH-LS15
S,J1,JA0001,J1SCCC13,SP,CLEV,2744,XXX,HHHH,HHHH-LS06;HHHH-LS08;HHHH-LS09;HHHH-LS11
S,J1,JA0001,J1SCCC13,SP,CLEV,2770,XXX,HHHH,HHHH-LS10
S,J1,JA0001,J1SCCC13,SP,CLEV,2779,XXX,HHHH,HHHH-LS15
S,J1,JA0001,J1SCCC13,SP,CLEV,2915,XXX,HHHH,HHHH-LS01;HHHH-LS03;HHHH-LS05;HHHH-LS06;HHHH-LS15;HHHH-LS90
S,J1,JA0001,J1SCCC13,SP,CLEV,2925,XXX,HHHH,HHHH-LS01
S,J1,JA0001,J1SCCC13,SP,CLEV,2930,XXX,HHHH,HHHH-LS05;HHHH-LS06;HHHH-LS08;HHHH-LS09;HHHH-LS10;HHHH-LS11;HHHH-LS12;HHHH-LS14;HHHH-LS90
S,J1,JA0001,J1SCCC13,SP,CLEV,2935,XXX,TTT,TTT-LS05;TTT-LS07
S,J1,JA0001,J1SCCC13,SP,CLEV,2945,XXX,XDE,XDE-LS11;XDE-LS24
S,J1,JA0001,J1SCCC13,SP,CLEV,2945,XXX,TTT,TTT-LS07
S,J1,JA0001,J1SCCC13,SP,CLEV,2946,XXX,HHHH,HHHH-LS08;HHHH-LS09;HHHH-LS10;HHHH-LS12
S,J1,JA0001,J1SCCC13,SP,CLEV,2950,XXX,TTT,TTT-LS04
S,J1,JA0001,J1SCCC13,SP,CLEV,2950,XXX,HHHH,HHHH-LS08;HHHH-LS10;HHHH-LS14;HHHH-LS90;HHHH-LS98
S,J1,JA0001,J1SCCC13,SP,CLEV,2960,XXX,HHHH,HHHH-LS06
S,J1,JA0001,J1SCCC13,SP,CLEV,2980,XXX,HHHH,HHHH-LS03;HHHH-LS14
S,J1,JA0001,J1SCCC13,SP,CLEV,2995,XXX,HHHH,HHHH-LS07
S,J1,JA0001,J1SCCC13,SP,CLEV,3010,XXX,HHHH,HHHH-LS13;HHHH-LS14
S,J1,JA0001,J1SCCC13,SP,CLEV,3020,XXX,HHHH,HHHH-LS01;HHHH-LS03;HHHH-LS05;HHHH-LS06;HHHH-LS07;HHHH-LS08;HHHH-LS09;HHHH-LS12;HHHH-LS14;HHHH-LS15;HHHH-LS90;HHHH-LS98
S,J1,JA0001,J1SCCC13,SP,CLEV,3030,XXX,HHHH,HHHH-LS01;HHHH-LS03;HHHH-LS05;HHHH-LS06;HHHH-LS07;HHHH-LS10;HHHH-LS13;HHHH-LS14;HHHH-LS15;HHHH-LS90;HHHH-LS98
S,J1,JA0001,J1SCCC13,SP,CLEV,3050,XXX,XDE,XDE-LS07
S,J1,JA0001,J1SCCC13,SP,CLEV,3050,XXX,TTT,TTT-LS01
S,J1,JA0001,J1SCCC13,SP,CLEV,3050,XXX,HHHH,HHHH-LS05;HHHH-LS06;HHHH-LS07;HHHH-LS08;HHHH-LS10;HHHH-LS15;HHHH-LS90;HHHH-LS98
S,J1,JA0001,J1SCCC13,SP,CLEV,3060,XXX,HHHH,HHHH-LS06;HHHH-LS14;HHHH-LS98
S,J1,JA0001,J1SCCC13,SP,CLEV,3084,XXX,HHHH,HHHH-LS14;HHHH-LS98
S,J1,JA0001,J1SCCC13,SP,CLEV,3120,XXX,TTT,TTT-LS01;TTT-LS02
S,J1,JA0001,J1SCCC13,SP,CLEV,3120,XXX,HHHH,HHHH-LS01;HHHH-LS03;HHHH-LS08;HHHH-LS09;HHHH-LS10;HHHH-LS15;HHHH-LS98
S,J1,JA0001,J1SCCC13,SP,CLEV,3124,XXX,HHHH,HHHH-LS07;HHHH-LS08;HHHH-LS09;HHHH-LS10;HHHH-LS11;HHHH-LS12
S,J1,JA0001,J1SCCC13,SP,CLEV,3140,XXX,HHHH,HHHH-LS01;HHHH-LS03;HHHH-LS05;HHHH-LS06;HHHH-LS08;HHHH-LS14;HHHH-LS90;HHHH-LS98
S,J1,JA0001,J1SCCC13,SP,CLEV,3150,XXX,XDE,XDE-LS07
S,J1,JA0001,J1SCCC13,SP,CLEV,3150,XXX,HHHH,HHHH-LS01
S,J1,JA0001,J1SCCC13,SP,CLEV,3165,XXX,TTT,TTT-LS01;TTT-LS02
S,J1,JA0001,J1SCCC13,SP,CLEV,3190,XXX,TTT,TTT-LS01;TTT-LS02
S,J1,JA0001,J1SCCC13,SP,CLEV,3190,XXX,HHHH,HHHH-LS15;HHHH-LS90
S,J1,JA0001,J1SCCC13,SP,CLEV,3220,XXX,HHHH,HHHH-LS13
S,J1,JA0001,J1SCCC13,SP,CLEV,3230,XXX,HHHH,HHHH-LS01;HHHH-LS05;HHHH-LS10;HHHH-LS13;HHHH-LS14
S,J1,JA0001,J1SCCC13,SP,CLEV,3250,XXX,XDE,XDE-LS07
S,J1,JA0001,J1SCCC13,SP,CLEV,3250,XXX,TTT,TTT-LS02;TTT-LS05;TTT-LS06
S,J1,JA0001,J1SCCC13,SP,CLEV,3250,XXX,HHHH,HHHH-LS05;HHHH-LS07;HHHH-LS08;HHHH-LS09;HHHH-LS10;HHHH-LS14;HHHH-LS90;HHHH-LS98
S,J1,JA0001,J1SCCC13,SP,CLEV,3255,XXX,HHHH,HHHH-LS05;HHHH-LS06;HHHH-LS14
S,J1,JA0001,J1SCCC13,SP,CLEV,3270,XXX,HHHH,HHHH-LS01;HHHH-LS03
S,J1,JA0001,J1SCCC13,SP,CLEV,3277,XXX,HHHH,HHHH-LS05;HHHH-LS08;HHHH-LS10
S,J1,JA0001,J1SCCC13,SP,CLEV,3280,XXX,HHHH,HHHH-LS05;HHHH-LS06;HHHH-LS14;HHHH-LS90;HHHH-LS98
S,J1,JA0001,J1SCCC13,SP,CLEV,3290,XXX,HHHH,HHHH-LS05;HHHH-LS14
S,J1,JA0001,J1SCCC13,SP,CLEV,3330,XXX,HHHH,HHHH-LS01;HHHH-LS03;HHHH-LS05;HHHH-LS07;HHHH-LS14
S,J1,JA0001,J1SCCC13,SP,CLEV,3340,XXX,HHHH,HHHH-LS03;HHHH-LS06;HHHH-LS08
S,J1,JA0001,J1SCCC13,SP,CLEV,3350,XXX,HHHH,HHHH-LS05
S,J1,JA0001,J1SCCC13,SP,CLEV,3380,XXX,HHHH,HHHH-LS07;HHHH-LS11
S,J1,JA0001,J1SCCC13,SP,CLEV,3388,XXX,HHHH,HHHH-LS14;HHHH-LS98
S,J1,JA0001,J1SCCC13,SP,CLEV,3415,XXX,HHHH,HHHH-LS01
S,J1,JA0001,J1SCCC13,SP,CLEV,3425,XXX,TTT,TTT-LS01;TTT-LS04
S,J1,JA0001,J1SCCC13,SP,CLEV,3445,XXX,HHHH,HHHH-LS90
S,J1,JA0001,J1SCCC13,SP,CLEV,3515,XXX,TTT,TTT-LS03
S,J1,JA0001,J1SCCC13,SP,CLEV,3515,XXX,HHHH,HHHH-LS98
S,J1,JA0001,J1SCCC13,SP,CLEV,3525,XXX,HHHH,HHHH-LS05;HHHH-LS10;HHHH-LS11
S,J1,JA0001,J1SCCC13,SP,CLEV,3528,XXX,HHHH,HHHH-LS11
S,J1,JA0001,J1SCCC13,SP,CLEV,3650,XXX,TTT,TTT-LS07
S,J1,JA0001,J1SCCC13,SP,CLEV,3650,XXX,HHHH,HHHH-LS90;HHHH-LS98
S,J1,JA0001,J1SCCC13,SP,CLEV,3692,XXX,HHHH,HHHH-LS14;HHHH-LS98
S,J1,JA0001,J1SCCC13,SP,CLEV,3705,XXX,HHHH,HHHH-LS08;HHHH-LS14
S,J1,JA0001,J1SCCC13,SP,CLEV,3710,XXX,HHHH,HHHH-LS08;HHHH-LS98
S,J1,JA0001,J1SCCC13,SP,CLEV,3728,XXX,HHHH,HHHH-LS08;HHHH-LS15
S,J1,JA0001,J1SCCC13,SP,CLEV,3750,XXX,XDE,XDE-LS07
S,J1,JA0001,J1SCCC13,SP,CLEV,3750,XXX,TTT,TTT-LS03;TTT-LS04;TTT-LS05;TTT-LS07
S,J1,JA0001,J1SCCC13,SP,CLEV,3750,XXX,HHHH,HHHH-LS05;HHHH-LS07;HHHH-LS10;HHHH-LS11
S,J1,JA0001,J1SCCC13,SP,CLEV,3806,XXX,TTT,TTT-LS04;TTT-LS07
S,J1,JA0001,J1SCCC13,SP,CLEV,3806,XXX,HHHH,HHHH-LS90;HHHH-LS98
S,J1,JA0001,J1SCCC13,SP,CLEV,3825,XXX,HHHH,HHHH-LS05;HHHH-LS06
S,J1,JA0001,J1SCCC13,SP,CLEV,3830,XXX,HHHH,HHHH-LS13
S,J1,JA0001,J1SCCC13,SP,CLEV,3850,XXX,XDE,XDE-LS07;XDE-LS23
S,J1,JA0001,J1SCCC13,SP,CLEV,3850,XXX,HHHH,HHHH-LS05
S,J1,JA0001,J1SCCC13,SP,CLEV,3865,XXX,TTT,TTT-LS01;TTT-LS02
S,J1,JA0001,J1SCCC13,SP,CLEV,3890,XXX,HHHH,HHHH-LS90;HHHH-LS98
S,J1,JA0001,J1SCCC13,SP,CLEV,3905,XXX,TTT,TTT-LS01;TTT-LS02
S,J1,JA0001,J1SCCC13,SP,CLEV,3910,XXX,HHHH,HHHH-LS08;HHHH-LS13;HHHH-LS90;HHHH-LS98
S,J1,JA0001,J1SCCC13,SP,CLEV,3923,XXX,HHHH,HHHH-LS11
S,J1,JA0001,J1SCCC13,SP,CLEV,3930,XXX,HHHH,HHHH-LS05;HHHH-LS06;HHHH-LS12;HHHH-LS15;HHHH-LS98
S,J1,JA0001,J1SCCC13,SP,CLEV,3938,XXX,TTT,TTT-LS01;TTT-LS04
S,J1,JA0001,J1SCCC13,SP,CLEV,3940,XXX,TTT,TTT-LS01;TTT-LS02
S,J1,JA0001,J1SCCC13,SP,CLEV,3940,XXX,HHHH,HHHH-LS06;HHHH-LS09
S,J1,JA0001,J1SCCC13,SP,CLEV,3950,XXX,TTT,TTT-LS07
S,J1,JA0001,J1SCCC13,SP,CLEV,4030,XXX,HHHH,HHHH-LS07;HHHH-LS08;HHHH-LS09;HHHH-LS10;HHHH-LS90
S,J1,JA0001,J1SCCC13,SP,CLEV,4080,XXX,TTT,TTT-LS02
S,J1,JA0001,J1SCCC13,SP,CLEV,4080,XXX,HHHH,HHHH-LS08;HHHH-LS90;HHHH-LS98
S,J1,JA0001,J1SCCC13,SP,CLEV,4090,XXX,HHHH,HHHH-LS01
S,J1,JA0001,J1SCCC13,SP,CLEV,4098,XXX,HHHH,HHHH-LS15
S,J1,JA0001,J1SCCC13,SP,CLEV,4110,XXX,HHHH,HHHH-LS08;HHHH-LS90;HHHH-LS98
S,J1,JA0001,J1SCCC13,SP,CLEV,4120,XXX,HHHH,HHHH-LS07;HHHH-LS08;HHHH-LS10;HHHH-LS14;HHHH-LS15
S,J1,JA0001,J1SCCC13,SP,CLEV,4130,XXX,TTT,TTT-LS02
S,J1,JA0001,J1SCCC13,SP,CLEV,4130,XXX,HHHH,HHHH-LS01;HHHH-LS08;HHHH-LS10;HHHH-LS13;HHHH-LS14;HHHH-LS90;HHHH-LS98
S,J1,JA0001,J1SCCC13,SP,CLEV,4140,XXX,HHHH,HHHH-LS13;HHHH-LS90;HHHH-LS98
S,J1,JA0001,J1SCCC13,SP,CLEV,4165,XXX,HHHH,HHHH-LS13
S,J1,JA0001,J1SCCC13,SP,CLEV,4180,XXX,HHHH,HHHH-LS01;HHHH-LS08;HHHH-LS09
S,J1,JA0001,J1SCCC13,SP,CLEV,4215,XXX,TTT,TTT-LS04;TTT-LS07
S,J1,JA0001,J1SCCC13,SP,CLEV,4215,XXX,HHHH,HHHH-LS09;HHHH-LS13;HHHH-LS15;HHHH-LS90;HHHH-LS98
S,J1,JA0001,J1SCCC13,SP,CLEV,4280,XXX,HHHH,HHHH-LS06;HHHH-LS08;HHHH-LS14;HHHH-LS15
S,J1,JA0001,J1SCCC13,SP,CLEV,4330,XXX,HHHH,HHHH-LS11
S,J1,JA0001,J1SCCC13,SP,CLEV,4350,XXX,HHHH,HHHH-LS06;HHHH-LS07;HHHH-LS98
S,J1,JA0001,J1SCCC13,SP,CLEV,4439,XXX,HHHH,HHHH-LS11
S,J1,JA0001,J1SCCC13,SP,CLEV,4440,XXX,HHHH,HHHH-LS13
S,J1,JA0001,J1SCCC13,SP,CLEV,4545,XXX,HHHH,HHHH-LS90;HHHH-LS98
S,J1,JA0001,J1SCCC13,SP,CLEV,4625,XXX,TTT,TTT-LS01;TTT-LS02
S,J1,JA0001,J1SCCC13,SP,CLEV,4750,XXX,TTT,TTT-LS05
S,J1,JA0001,J1SCCC13,SP,CLEV,4780,XXX,HHHH,HHHH-LS06
S,J1,JA0001,J1SCCC13,SP,CLEV,4805,XXX,HHHH,HHHH-LS98
S,J1,JA0001,J1SCCC13,SP,CLEV,4812,XXX,HHHH,HHHH-LS07;HHHH-LS11
S,J1,JA0001,J1SCCC13,SP,CLEV,4850,XXX,TTT,TTT-LS07
S,J1,JA0001,J1SCCC13,SP,CLEV,4853,XXX,HHHH,HHHH-LS12;HHHH-LS14
S,J1,JA0001,J1SCCC13,SP,CLEV,4950,XXX,HHHH,HHHH-LS13
S,J1,JA0001,J1SCCC13,SP,CLEV,5013,XXX,HHHH,HHHH-LS11
S,J1,JA0001,J1SCCC13,SP,CLEV,5060,XXX,HHHH,HHHH-LS11
S,J1,JA0001,J1SCCC13,SP,CLEV,5130,XXX,TTT,TTT-LS07
S,J1,JA0001,J1SCCC13,SP,CLEV,5140,XXX,HHHH,HHHH-LS07;HHHH-LS15
S,J1,JA0001,J1SCCC13,SP,CLEV,5190,XXX,HHHH,HHHH-LS14
S,J1,JA0001,J1SCCC13,SP,CLEV,6150,XXX,HHHH,HHHH-LS98
S,J1,JA0001,J1SCCC14,SP,CLMA,3200,XXX,HHHH,HHHH-LS08;HHHH-LS90
S,J1,JA0001,J1SCCD11,1ZEYTZ,PACO,0,XXX,PJ5A,PJ5A-VN01;PJ5A-VN05
S,J1,JA0001,J1SCCD11,2ZEYTZ,PACO,0,XXX,PJ5A,PJ5A-VN01
S,J1,JA0001,J1SCCD11,1SZEYTZP,PACO,0,XXX,PJ5A,PJ5A-VN01;PJ5A-VN05
S,J1,JA0001,J1SCCD11,1SS2PP,PACO,0,XXX,PJ5A,PJ5A-VN01
S,J1,JA0001,J1SCCD11,2SZEYTZP,PACO,0,XXX,PJ5A,PJ5A-VN01
S,J1,JA0001,J1SCCD12,1ZEYTZ,PACO,0,XXX,PJ5A,PJ5A-VN01;PJ5A-VN03
S,J1,JA0001,J1SCCD12,2ZEYTZ,PACO,0,XXX,PJ5A,PJ5A-VN03
S,J1,JA0001,J1SCCD12,1SZEYTZP,PACO,0,XXX,PJ5A,PJ5A-VN01;PJ5A-VN03
S,J1,JA0001,J1SCCD12,2SZEYTZP,PACO,0,XXX,PJ5A,PJ5A-VN03